Region,Chr,GC_Percent,Coding
1,chr10,46.9571058530998,No
2,chr10,51.8258211509979,No
3,chr10,50.793819243655,No
4,chr10,42.9334626373731,No
5,chr10,49.509548550867,No
6,chr10,44.4319660017235,No
7,chr10,36.6156219206866,No
8,chr10,51.8643142954155,No
9,chr10,44.6965186899683,No
10,chr10,42.1726906018546,No
11,chr10,45.7808290210118,No
12,chr10,46.628577286188,No
13,chr10,39.9308608743145,No
14,chr10,50.2271413072278,No
15,chr10,41.2346822480095,No
16,chr10,43.484069892368,No
17,chr10,45.4698532991144,No
18,chr10,51.8786991788552,No
19,chr10,48.4168909665202,No
20,chr10,43.244075078914,No
21,chr10,51.2672499784298,No
22,chr10,45.8212471663749,No
23,chr10,43.8047496700095,No
24,chr10,46.7876265116592,No
25,chr10,41.7553191425677,No
26,chr10,49.9870499840747,No
27,chr10,42.7888353597474,No
28,chr10,45.8731334801197,No
29,chr10,47.9404233741365,No
30,chr10,42.9935815345812,No
31,chr10,46.4847974957057,No
32,chr10,46.7306648119326,No
33,chr10,42.2864419979153,No
34,chr10,50.7502406808651,No
35,chr10,43.5598051924562,No
36,chr10,48.716547251373,No
37,chr10,49.1759845407049,No
38,chr10,47.1286233480714,No
39,chr10,48.8479286781725,No
40,chr10,45.5644835563634,No
41,chr10,45.1081418544212,No
42,chr10,43.6499752696826,No
43,chr10,41.26619388,No
44,chr10,48.5555615878204,No
45,chr10,42.4807609388081,No
46,chr10,49.385754555018,No
47,chr10,38.8842593653098,No
48,chr10,39.5997138364272,No
49,chr10,46.512701281819,No
50,chr10,42.9242353878915,No
51,chr10,47.7852671241829,No
52,chr10,45.1240824372434,No
53,chr10,45.2367564857921,No
54,chr10,42.1335367259387,No
55,chr10,50.1057413568826,No
56,chr10,40.8865462138235,No
57,chr10,42.3736106606358,No
58,chr10,38.041522095382,No
59,chr10,32.1717422959756,No
60,chr10,48.5158184082863,No
61,chr10,44.5957784554462,No
62,chr10,44.1100965148774,No
63,chr10,41.4374489062568,No
64,chr10,53.5108090950696,No
65,chr10,40.9500227381131,No
66,chr10,44.7642129099117,No
67,chr10,42.7539804424616,No
68,chr10,39.849113441078,No
69,chr10,45.0683100951592,No
70,chr10,40.6959829616956,No
71,chr10,45.0579251851071,No
72,chr10,47.1812972413393,No
73,chr10,36.1321131689796,No
74,chr10,46.1565153167322,No
75,chr10,45.6025084834552,No
76,chr10,42.363533808197,No
77,chr10,38.3016557710348,No
78,chr10,42.8034648716342,No
79,chr10,42.3186988318917,No
80,chr10,43.7431633214179,No
81,chr10,45.2048230277623,No
82,chr10,36.9651487940114,No
83,chr10,50.8792655005465,No
84,chr10,40.8842825439191,No
85,chr10,46.78343934219,No
86,chr10,37.8746172059533,No
87,chr10,44.916625348116,No
88,chr10,50.2089655174212,No
89,chr10,49.0581842599908,No
90,chr10,43.0555865819209,No
91,chr10,51.2649893496439,No
92,chr10,47.0624739117254,No
93,chr10,39.4375208370189,No
94,chr10,41.1568459721883,No
95,chr10,51.218401468479,No
96,chr10,53.0516319719307,No
97,chr10,52.5858754671805,No
98,chr10,52.6836338807179,No
99,chr10,45.0035523598315,No
100,chr10,49.2661560624868,No
101,chr10,50.8097869175397,No
102,chr10,40.5639433722252,No
103,chr10,44.5615842300429,No
104,chr10,37.2657976111952,No
105,chr10,53.2233566581659,No
106,chr10,42.7939169576772,No
107,chr10,41.6980989215834,No
108,chr10,41.7068353873241,No
109,chr10,50.5857281619685,No
110,chr10,47.1380367353338,No
111,chr10,50.8583166277107,No
112,chr10,44.1213595999552,No
113,chr10,43.0926377721016,No
114,chr10,47.3095664146332,No
115,chr10,43.7282764316603,No
116,chr10,44.6075826473702,No
117,chr10,45.5034581372011,No
118,chr10,39.5145712371655,No
119,chr10,42.9856047087557,No
120,chr10,48.5888290034955,No
121,chr10,43.7885289339133,No
122,chr10,43.8287808245504,No
123,chr10,41.8931176381203,No
124,chr10,40.9999951956879,No
125,chr10,41.2819201673924,No
126,chr10,46.7505537087072,No
127,chr10,45.3376233780024,No
128,chr10,43.9899348881194,No
129,chr10,43.7002480989046,No
130,chr10,40.8545753591775,No
131,chr10,40.0541932449255,No
132,chr10,39.4370260238794,No
133,chr10,46.840244534756,No
134,chr10,52.300886807331,No
135,chr10,47.7420240026578,No
136,chr10,48.3021247675995,No
137,chr10,41.8771145884714,No
138,chr10,44.6471150029027,No
139,chr10,46.7619222765968,No
140,chr10,46.8691568264799,No
141,chr10,38.2122235086937,No
142,chr10,43.6135467788546,No
143,chr10,35.1169873173716,No
144,chr10,42.2809406516776,No
145,chr10,42.0208586567285,No
146,chr10,49.432465550545,No
147,chr10,38.0111154325482,No
148,chr10,49.367105656028,No
149,chr10,39.8786639918782,No
150,chr10,47.0785530442345,No
151,chr10,39.6573848615938,No
152,chr10,46.9017767107687,No
153,chr10,48.5383850928571,No
154,chr10,46.8020965715444,No
155,chr10,42.4995888474106,No
156,chr10,46.7596747446763,No
157,chr10,50.950083401416,No
158,chr10,43.8433982358623,No
159,chr10,47.4054092501772,No
160,chr10,40.7056856805273,No
161,chr10,37.7557492837163,No
162,chr10,48.9235614951122,No
163,chr10,50.8779198458197,No
164,chr10,51.9015041462919,No
165,chr10,54.0146890453278,No
166,chr10,49.2841798028363,No
167,chr10,46.1223766458028,No
168,chr10,48.1360496819939,No
169,chr10,45.9914565511627,No
170,chr10,40.1024090223568,No
171,chr10,44.6055006037155,No
172,chr10,47.7928009161363,No
173,chr10,46.3057334453451,No
174,chr10,49.529989655104,No
175,chr10,45.7448025961059,No
176,chr10,59.4557894113572,No
177,chr10,36.9813987946367,No
178,chr10,46.337711584465,No
179,chr10,42.2190814541379,No
180,chr10,35.7439157755621,No
181,chr10,45.8134340304378,No
182,chr10,46.7871530288162,No
183,chr10,54.1411059274724,No
184,chr10,55.2329629501403,No
185,chr10,50.8413279460481,No
186,chr10,34.8199465785662,No
187,chr10,39.917326208364,No
188,chr10,47.3184929237047,No
189,chr10,52.158532008345,No
190,chr10,46.0935918802323,No
191,chr10,43.6982185055892,No
192,chr10,53.7520171569313,No
193,chr10,40.1657163914528,No
194,chr10,45.8360312723604,No
195,chr10,48.0909440228823,No
196,chr10,41.0130321652097,No
197,chr10,46.6184379638315,No
198,chr10,38.7306490735381,No
199,chr10,44.4479613473229,No
200,chr10,42.0130174157591,No
201,chr10,56.782780274392,No
202,chr10,49.3433973804204,No
203,chr10,50.4583281911859,No
204,chr10,49.0872349371222,No
205,chr10,50.1619375724275,No
206,chr10,44.9633842610895,No
207,chr10,50.9907445370463,No
208,chr10,38.128384911138,No
209,chr10,43.3602662653558,No
210,chr10,47.6627504654275,No
211,chr10,47.3553135495972,No
212,chr10,39.9436778749206,No
213,chr10,41.6533025128373,No
214,chr10,41.7592431999148,No
215,chr10,33.8798902396464,No
216,chr10,45.0924096105417,No
217,chr10,43.597854086574,No
218,chr10,54.0873750580569,No
219,chr10,50.2687311002059,No
220,chr10,42.4549208218227,No
221,chr10,51.6918794030815,No
222,chr10,50.7686754373829,No
223,chr10,56.2641642851685,No
224,chr10,47.217676404811,No
225,chr10,46.7117578929016,No
226,chr10,45.88589541193,No
227,chr10,42.971676180155,No
228,chr10,45.5735626162039,No
229,chr10,36.3522266782848,No
230,chr10,54.4022474911917,No
231,chr10,50.3177056402229,No
232,chr10,44.5521748880459,No
233,chr10,48.7224284750171,No
234,chr10,44.5034916216136,No
235,chr10,48.6956323454463,No
236,chr10,53.902693228066,No
237,chr10,39.6668866394614,No
238,chr10,51.232702717663,No
239,chr10,42.0140834392834,No
240,chr10,57.1193543511956,No
241,chr10,45.1139149517013,No
242,chr10,41.052852345904,No
243,chr10,48.1128867459613,No
244,chr10,46.9306865361713,No
245,chr10,46.0101747093571,No
246,chr10,40.6762102813629,No
247,chr10,48.1331869643869,No
248,chr10,47.2256856771867,No
249,chr10,39.2475965977671,No
250,chr10,51.1580801762966,No
251,chr10,42.5019331832882,Yes
252,chr10,47.9530374423532,Yes
253,chr10,45.6955262259615,Yes
254,chr10,38.8669008005116,Yes
255,chr10,45.4056923519678,Yes
256,chr10,53.0320522555724,Yes
257,chr10,41.6692949801655,Yes
258,chr10,41.7900071495329,Yes
259,chr10,38.6806972004813,Yes
260,chr10,43.9963962027753,Yes
261,chr10,53.3731228572956,Yes
262,chr10,40.6961556505937,Yes
263,chr10,46.2941212427442,Yes
264,chr10,48.2787691236754,Yes
265,chr10,45.5208232849776,Yes
266,chr10,43.9726246750567,Yes
267,chr10,52.0908220373582,Yes
268,chr10,48.9739391916306,Yes
269,chr10,43.6800217550837,Yes
270,chr10,40.7923314987998,Yes
271,chr10,40.2588978925777,Yes
272,chr10,50.2052900073777,Yes
273,chr10,44.3129599548942,Yes
274,chr10,30.5606863142157,Yes
275,chr10,44.3435112010197,Yes
276,chr10,54.7250000340156,Yes
277,chr10,52.2441151737571,Yes
278,chr10,41.8669868220208,Yes
279,chr10,47.5898383184385,Yes
280,chr10,50.814460259251,Yes
281,chr10,48.6104273590736,Yes
282,chr10,52.6636833931956,Yes
283,chr10,44.5748135561049,Yes
284,chr10,37.5032688311784,Yes
285,chr10,58.0515491687111,Yes
286,chr10,32.8301649502835,Yes
287,chr10,50.5582289279001,Yes
288,chr10,42.812307247175,Yes
289,chr10,46.5067409730936,Yes
290,chr10,48.2376638506483,Yes
291,chr10,48.7683835816609,Yes
292,chr10,37.9409553099555,Yes
293,chr10,46.0634317853751,Yes
294,chr10,37.8499428144401,Yes
295,chr10,55.3537829941487,Yes
296,chr10,42.8643838360522,Yes
297,chr10,42.8023989858547,Yes
298,chr10,34.2624178095042,Yes
299,chr10,44.8540070248798,Yes
300,chr10,36.6145650821511,Yes
301,chr10,42.932130198154,Yes
302,chr10,48.7988223805721,Yes
303,chr10,51.0798572591154,Yes
304,chr10,50.118353890931,Yes
305,chr10,46.9792878586671,Yes
306,chr10,44.829213651355,Yes
307,chr10,48.832711580385,Yes
308,chr10,46.9514977829266,Yes
309,chr10,44.4782747976241,Yes
310,chr10,50.1698608165527,Yes
311,chr10,43.7220689155652,Yes
312,chr10,54.2903507852393,Yes
313,chr10,34.8283697447939,Yes
314,chr10,51.216458040324,Yes
315,chr10,53.722954854814,Yes
316,chr10,44.1818362743158,Yes
317,chr10,44.8678895529914,Yes
318,chr10,44.6244740917445,Yes
319,chr10,45.6659007391373,Yes
320,chr10,46.8313573865516,Yes
321,chr10,45.0143098487975,Yes
322,chr10,43.3804298761557,Yes
323,chr10,44.6016518734111,Yes
324,chr10,37.6511123744361,Yes
325,chr10,42.7524621296932,Yes
326,chr10,41.3186123557237,Yes
327,chr10,45.2682667489807,Yes
328,chr10,47.4614293555602,Yes
329,chr10,41.2464580696988,Yes
330,chr10,43.0030310189369,Yes
331,chr10,47.4827369176801,Yes
332,chr10,49.2907581245329,Yes
333,chr10,43.9841757716177,Yes
334,chr10,36.5572698716758,Yes
335,chr10,46.4718099880703,Yes
336,chr10,47.9474994254595,Yes
337,chr10,33.7782828456161,Yes
338,chr10,43.3089016813823,Yes
339,chr10,48.20415272807,Yes
340,chr10,42.3221155395219,Yes
341,chr10,45.0892516935575,Yes
342,chr10,48.4806436631969,Yes
343,chr10,47.8317959658018,Yes
344,chr10,32.4425401533936,Yes
345,chr10,44.4977657160146,Yes
346,chr10,46.1789255515116,Yes
347,chr10,45.496454462446,Yes
348,chr10,40.7294664607783,Yes
349,chr10,36.6714630283137,Yes
350,chr10,57.0116284454377,Yes
351,chr10,43.6819076935768,Yes
352,chr10,51.951900614602,Yes
353,chr10,51.9235757307195,Yes
354,chr10,46.1972053568136,Yes
355,chr10,46.4399429698675,Yes
356,chr10,48.1917497920993,Yes
357,chr10,48.3278287717369,Yes
358,chr10,48.2906681586006,Yes
359,chr10,50.5290119284996,Yes
360,chr10,43.6720947052309,Yes
361,chr10,40.6799868565191,Yes
362,chr10,46.6697279454149,Yes
363,chr10,46.8205047284733,Yes
364,chr10,37.5119549045019,Yes
365,chr10,41.3492154343257,Yes
366,chr10,44.376984475449,Yes
367,chr10,38.7972074544736,Yes
368,chr10,48.761740046212,Yes
369,chr10,40.3047150511717,Yes
370,chr10,41.952087091021,Yes
371,chr10,53.6342913809758,Yes
372,chr10,43.5560054463685,Yes
373,chr10,49.1687085037825,Yes
374,chr10,44.974162805227,Yes
375,chr10,42.7541655708636,Yes
376,chr10,39.8552778542697,Yes
377,chr10,40.1962868981332,Yes
378,chr10,48.7283057261553,Yes
379,chr10,37.5949282382965,Yes
380,chr10,51.8152275050616,Yes
381,chr10,43.2214391353875,Yes
382,chr10,45.0111920258832,Yes
383,chr10,37.1010219713458,Yes
384,chr10,46.0555236833133,Yes
385,chr10,38.8727761447867,Yes
386,chr10,50.3458102508517,Yes
387,chr10,42.6118212738549,Yes
388,chr10,56.139024725693,Yes
389,chr10,53.8724268003633,Yes
390,chr10,50.5334276154258,Yes
391,chr10,43.775307342966,Yes
392,chr10,44.6154495852374,Yes
393,chr10,43.0826107649137,Yes
394,chr10,44.2448317617978,Yes
395,chr10,36.6465051658602,Yes
396,chr10,40.8746968769504,Yes
397,chr10,46.2955282887083,Yes
398,chr10,41.8861098569922,Yes
399,chr10,43.6689633014801,Yes
400,chr10,47.0988427741881,Yes
401,chr10,48.9708934714066,Yes
402,chr10,48.3675855889948,Yes
403,chr10,43.6378847675563,Yes
404,chr10,46.1752571136495,Yes
405,chr10,49.0174623613834,Yes
406,chr10,50.9909784317968,Yes
407,chr10,40.0841175017827,Yes
408,chr10,45.1551699753655,Yes
409,chr10,52.2788830645943,Yes
410,chr10,51.4279500976314,Yes
411,chr10,42.050348018189,Yes
412,chr10,51.8277058692838,Yes
413,chr10,46.3447808841118,Yes
414,chr10,29.9306117814788,Yes
415,chr10,50.6219944146837,Yes
416,chr10,42.9906798522585,Yes
417,chr10,49.9406845593111,Yes
418,chr10,41.9618717279909,Yes
419,chr10,46.44198019311,Yes
420,chr10,46.8984760367552,Yes
421,chr10,43.6427354351621,Yes
422,chr10,37.2947232889533,Yes
423,chr10,49.6394452430924,Yes
424,chr10,46.5737733508596,Yes
425,chr10,47.3291095995637,Yes
426,chr10,50.6494273743878,Yes
427,chr10,56.1069044599775,Yes
428,chr10,43.6148386594773,Yes
429,chr10,37.7777131450748,Yes
430,chr10,46.2744299952444,Yes
431,chr10,40.1530384211943,Yes
432,chr10,36.6441459238909,Yes
433,chr10,39.0306153414802,Yes
434,chr10,47.6862138920419,Yes
435,chr10,41.7205034445385,Yes
436,chr10,42.2178967822256,Yes
437,chr10,39.2214825760968,Yes
438,chr10,43.0395515941632,Yes
439,chr10,44.3274733551714,Yes
440,chr10,55.3055464350134,Yes
441,chr10,45.5253299913215,Yes
442,chr10,52.113681298223,Yes
443,chr10,48.7885508394707,Yes
444,chr10,46.5128331244934,Yes
445,chr10,44.6227031273424,Yes
446,chr10,34.6795289014929,Yes
447,chr10,45.3439865088586,Yes
448,chr10,42.7200943487177,Yes
449,chr10,40.6269617727254,Yes
450,chr10,50.6734812014263,Yes
451,chr10,44.6936334374414,Yes
452,chr10,45.9402607767271,Yes
453,chr10,45.9058171610959,Yes
454,chr10,50.3011975492255,Yes
455,chr10,52.2524022497142,Yes
456,chr10,39.2824970628414,Yes
457,chr10,46.2724049237148,Yes
458,chr10,41.3557474889913,Yes
459,chr10,41.8982145499783,Yes
460,chr10,41.7856622796491,Yes
461,chr10,44.0903320329026,Yes
462,chr10,47.5083065960231,Yes
463,chr10,45.4128019679264,Yes
464,chr10,41.1154854392163,Yes
465,chr10,41.1742092013177,Yes
466,chr10,35.8934527773451,Yes
467,chr10,58.443760671927,Yes
468,chr10,41.2253740215136,Yes
469,chr10,49.8081641811116,Yes
470,chr10,30.9775200122891,Yes
471,chr10,35.7876071604274,Yes
472,chr10,54.8031347326556,Yes
473,chr10,50.2431415728703,Yes
474,chr10,40.0341431772849,Yes
475,chr10,44.8603374123643,Yes
476,chr10,49.3777038349552,Yes
477,chr10,42.4882663978793,Yes
478,chr10,46.2945499870102,Yes
479,chr10,46.4871628878187,Yes
480,chr10,45.9143666886134,Yes
481,chr10,46.5506205445558,Yes
482,chr10,46.8108567057627,Yes
483,chr10,35.3256285174228,Yes
484,chr10,46.8386367690345,Yes
485,chr10,44.9358244739686,Yes
486,chr10,51.4325934478452,Yes
487,chr10,43.2133613549069,Yes
488,chr10,41.9086697520222,Yes
489,chr10,55.1103901032485,Yes
490,chr10,49.0363264142665,Yes
491,chr10,48.4510625558437,Yes
492,chr10,49.0017295333087,Yes
493,chr10,51.2245930637412,Yes
494,chr10,43.3551352315971,Yes
495,chr10,46.3928396380901,Yes
496,chr10,46.8730673536376,Yes
497,chr10,33.0111710024708,Yes
498,chr10,52.0420415050261,Yes
499,chr10,45.4709969329195,Yes
500,chr10,42.9005042787394,Yes
1,chr11,40.9344961488239,No
2,chr11,47.5186537733742,No
3,chr11,48.2721520228331,No
4,chr11,47.4983948262944,No
5,chr11,53.255493932601,No
6,chr11,47.4938388988247,No
7,chr11,49.1135567103752,No
8,chr11,46.5613292814951,No
9,chr11,47.1026264686677,No
10,chr11,46.969767955339,No
11,chr11,50.7487666405127,No
12,chr11,41.0731671291491,No
13,chr11,47.2181534592267,No
14,chr11,45.2751315493646,No
15,chr11,49.2679118550713,No
16,chr11,34.5453528298232,No
17,chr11,44.7233405860086,No
18,chr11,49.8985029341612,No
19,chr11,39.3877257598664,No
20,chr11,54.8085636081088,No
21,chr11,41.1128773060581,No
22,chr11,44.6905158202921,No
23,chr11,49.22036091048,No
24,chr11,39.1394633638411,No
25,chr11,48.567983224779,No
26,chr11,48.2422639153937,No
27,chr11,30.642067574803,No
28,chr11,42.4095543790864,No
29,chr11,43.7585292781069,No
30,chr11,41.5584380799852,No
31,chr11,43.6832152316726,No
32,chr11,45.4438439792592,No
33,chr11,44.8164993478015,No
34,chr11,47.8719459126038,No
35,chr11,44.511663678213,No
36,chr11,40.9242819292819,No
37,chr11,42.0238660136758,No
38,chr11,42.8392741706708,No
39,chr11,44.1892696864035,No
40,chr11,51.9482159125088,No
41,chr11,41.9017921649794,No
42,chr11,41.5422228949662,No
43,chr11,46.7034419407708,No
44,chr11,44.0848997757568,No
45,chr11,48.7967457328331,No
46,chr11,40.4929984222129,No
47,chr11,42.9077749593237,No
48,chr11,46.2114365635394,No
49,chr11,40.6082043449375,No
50,chr11,49.7959584624362,No
51,chr11,39.4769925950499,No
52,chr11,41.6837233934602,No
53,chr11,45.2587179498588,No
54,chr11,39.6583998200531,No
55,chr11,37.5242852130621,No
56,chr11,46.7245695680024,No
57,chr11,36.3531885050552,No
58,chr11,39.6895898235419,No
59,chr11,41.939286948599,No
60,chr11,43.8257139973487,No
61,chr11,41.9121592406768,No
62,chr11,52.8761901060453,No
63,chr11,45.4573048164926,No
64,chr11,36.3213507870375,No
65,chr11,42.4742135423544,No
66,chr11,36.6882297039237,No
67,chr11,51.7578751263712,No
68,chr11,44.2320427616612,No
69,chr11,50.5309419719023,No
70,chr11,45.5064089631247,No
71,chr11,59.2447241803907,No
72,chr11,40.7477238377471,No
73,chr11,40.8120770076892,No
74,chr11,38.3209939564105,No
75,chr11,45.0768335409409,No
76,chr11,41.915856830931,No
77,chr11,42.1501750277778,No
78,chr11,43.551996968032,No
79,chr11,46.8334518274769,No
80,chr11,47.0906506819742,No
81,chr11,47.2604621994199,No
82,chr11,45.7865760443973,No
83,chr11,40.5659317053446,No
84,chr11,37.5532474279106,No
85,chr11,32.6730153700738,No
86,chr11,50.6247452590931,No
87,chr11,40.46353955808,No
88,chr11,50.94646681965,No
89,chr11,40.3231699752862,No
90,chr11,44.3982923348674,No
91,chr11,37.9629187794539,No
92,chr11,40.7582851544682,No
93,chr11,50.5236644974438,No
94,chr11,46.9794963879489,No
95,chr11,55.7325301967238,No
96,chr11,43.1081482155211,No
97,chr11,44.8145849574748,No
98,chr11,44.8969730275691,No
99,chr11,43.8642064906344,No
100,chr11,44.7370345871962,No
101,chr11,42.3073213248513,No
102,chr11,43.2767857320886,No
103,chr11,48.6271638070496,No
104,chr11,44.007349614434,No
105,chr11,48.3854268050311,No
106,chr11,34.8564791716215,No
107,chr11,43.4520410583325,No
108,chr11,48.2682640592126,No
109,chr11,50.200813472552,No
110,chr11,44.2225394864405,No
111,chr11,45.3456828120216,No
112,chr11,33.9403015702521,No
113,chr11,48.4551822121785,No
114,chr11,35.5486099510322,No
115,chr11,40.2123069313967,No
116,chr11,47.6101867601427,No
117,chr11,49.0697850805982,No
118,chr11,48.4139026602749,No
119,chr11,51.1905749251698,No
120,chr11,54.9332463103158,No
121,chr11,42.8069726588896,No
122,chr11,50.349010013813,No
123,chr11,43.6719566076614,No
124,chr11,39.6244968382208,No
125,chr11,43.5196208847277,No
126,chr11,33.7209509035678,No
127,chr11,40.4116532470073,No
128,chr11,43.7153716278927,No
129,chr11,48.4756089443736,No
130,chr11,45.4937385452922,No
131,chr11,42.9393392374748,No
132,chr11,46.6597956591948,No
133,chr11,42.9462040427166,No
134,chr11,48.839236825969,No
135,chr11,42.9143599749405,No
136,chr11,52.6087756145457,No
137,chr11,47.2610108919833,No
138,chr11,34.993529280289,No
139,chr11,53.5023980417026,No
140,chr11,43.9788430117944,No
141,chr11,56.0222937811313,No
142,chr11,40.6990406815891,No
143,chr11,49.4011177093903,No
144,chr11,38.5840726275921,No
145,chr11,40.6115594527314,No
146,chr11,40.7527729702037,No
147,chr11,50.1815508952158,No
148,chr11,52.5757569059545,No
149,chr11,43.8273085611888,No
150,chr11,38.2929342671224,No
151,chr11,45.0519291685019,No
152,chr11,33.8558927942032,No
153,chr11,48.6128120630372,No
154,chr11,42.2436960293937,No
155,chr11,42.3321967130683,No
156,chr11,31.2957131010172,No
157,chr11,45.9283650583741,No
158,chr11,46.6011037997135,No
159,chr11,44.124477833971,No
160,chr11,55.3405993129404,No
161,chr11,39.4567597569418,No
162,chr11,51.0398376126635,No
163,chr11,41.8116462712139,No
164,chr11,38.0632546743119,No
165,chr11,40.686486482611,No
166,chr11,52.226104663753,No
167,chr11,40.781020627069,No
168,chr11,40.4807884168816,No
169,chr11,46.3258414904363,No
170,chr11,41.992895297916,No
171,chr11,39.2742402851811,No
172,chr11,38.0712123544228,No
173,chr11,41.8320910655166,No
174,chr11,40.8439458059968,No
175,chr11,44.2988232074785,No
176,chr11,47.0038394672511,No
177,chr11,46.4606339582948,No
178,chr11,51.1549763690328,No
179,chr11,43.7530595039458,No
180,chr11,50.0421946254026,No
181,chr11,42.2274760388614,No
182,chr11,41.8778068084129,No
183,chr11,41.4043809373789,No
184,chr11,38.9429756588895,No
185,chr11,37.1437976170429,No
186,chr11,31.547781471056,No
187,chr11,49.1434510671651,No
188,chr11,59.0151295059569,No
189,chr11,40.8814861478454,No
190,chr11,40.7403478184195,No
191,chr11,50.1283872219666,No
192,chr11,46.7577112557089,No
193,chr11,46.4442220517682,No
194,chr11,43.5929436882131,No
195,chr11,52.629014213658,No
196,chr11,44.8668445097145,No
197,chr11,45.5750299081072,No
198,chr11,52.1382785678912,No
199,chr11,42.5343643803526,No
200,chr11,56.842115058357,No
201,chr11,40.9242440756156,No
202,chr11,54.0750597513464,No
203,chr11,52.0080706896939,No
204,chr11,50.3442730845905,No
205,chr11,47.9256537162537,No
206,chr11,44.251590296057,No
207,chr11,42.8172831813469,No
208,chr11,52.6657677049714,No
209,chr11,42.0023116161194,No
210,chr11,44.1792406500712,No
211,chr11,44.9765253661751,No
212,chr11,46.9992040385064,No
213,chr11,46.2816406234157,No
214,chr11,33.4426440284158,No
215,chr11,46.0215695768155,No
216,chr11,33.7472174444512,No
217,chr11,44.7478438930803,No
218,chr11,36.4444450643166,No
219,chr11,41.2860787200702,No
220,chr11,44.0635961354065,No
221,chr11,44.804552019935,No
222,chr11,41.5955093452017,No
223,chr11,43.4980238435411,No
224,chr11,38.126779579137,No
225,chr11,51.9575007462887,No
226,chr11,48.8479955748829,No
227,chr11,38.5732077156248,No
228,chr11,44.4169819329294,No
229,chr11,46.0471527670487,No
230,chr11,44.3016395596498,No
231,chr11,53.9117367393342,No
232,chr11,36.5771727753989,No
233,chr11,44.8296217609933,No
234,chr11,49.7857551210712,No
235,chr11,45.7540358028402,No
236,chr11,35.6215659186356,No
237,chr11,49.7832845208311,No
238,chr11,45.2855128381459,No
239,chr11,46.0123514751248,No
240,chr11,46.1435699614236,No
241,chr11,48.5156427877543,No
242,chr11,39.9606699102609,No
243,chr11,52.0876645589003,No
244,chr11,49.7875586564043,No
245,chr11,43.784681028059,No
246,chr11,53.0633340477069,No
247,chr11,43.1593303627607,No
248,chr11,56.1858871932175,No
249,chr11,51.973262137173,No
250,chr11,43.3074656506359,No
251,chr11,52.6354847903983,Yes
252,chr11,48.1085521112841,Yes
253,chr11,43.6034436715921,Yes
254,chr11,46.26931077913,Yes
255,chr11,47.2471777472454,Yes
256,chr11,45.5466333008811,Yes
257,chr11,54.6781012732672,Yes
258,chr11,44.4839583929931,Yes
259,chr11,41.1404081484832,Yes
260,chr11,41.9949984098229,Yes
261,chr11,47.1500112874382,Yes
262,chr11,47.398358840612,Yes
263,chr11,50.2881625532417,Yes
264,chr11,43.8521836612951,Yes
265,chr11,45.4944751093488,Yes
266,chr11,45.4353216606193,Yes
267,chr11,48.1182984641605,Yes
268,chr11,38.850591451841,Yes
269,chr11,37.3204763588824,Yes
270,chr11,41.9471845699021,Yes
271,chr11,44.287494635572,Yes
272,chr11,40.5243403553688,Yes
273,chr11,45.7617219594451,Yes
274,chr11,40.4510361210623,Yes
275,chr11,46.1056633877377,Yes
276,chr11,46.1733217908725,Yes
277,chr11,44.8044943980875,Yes
278,chr11,41.4682519814826,Yes
279,chr11,39.6295301151973,Yes
280,chr11,50.4799148110888,Yes
281,chr11,39.7597923983242,Yes
282,chr11,42.2708278704912,Yes
283,chr11,44.4776056013151,Yes
284,chr11,45.185564650013,Yes
285,chr11,41.5166637048116,Yes
286,chr11,41.1536166168037,Yes
287,chr11,43.1149179107718,Yes
288,chr11,32.838097135762,Yes
289,chr11,45.6195809454302,Yes
290,chr11,48.3743053428588,Yes
291,chr11,35.2277470904314,Yes
292,chr11,35.3887444238278,Yes
293,chr11,43.2481093769277,Yes
294,chr11,44.6304675634651,Yes
295,chr11,49.768942208708,Yes
296,chr11,36.0707131072863,Yes
297,chr11,42.3600026541666,Yes
298,chr11,51.7476091504757,Yes
299,chr11,43.6381987503488,Yes
300,chr11,43.9354483058065,Yes
301,chr11,53.8550326864553,Yes
302,chr11,45.4991551205591,Yes
303,chr11,47.050091725124,Yes
304,chr11,46.4855424620096,Yes
305,chr11,40.5613896489983,Yes
306,chr11,43.2609503396031,Yes
307,chr11,41.9119290593491,Yes
308,chr11,52.414166618566,Yes
309,chr11,37.2660504623193,Yes
310,chr11,43.1017650017399,Yes
311,chr11,35.881054235906,Yes
312,chr11,49.3034832229469,Yes
313,chr11,46.2757668626418,Yes
314,chr11,58.6200298461143,Yes
315,chr11,40.5869617818863,Yes
316,chr11,54.3899543883626,Yes
317,chr11,40.8453928032678,Yes
318,chr11,52.8498739068408,Yes
319,chr11,36.8957684686718,Yes
320,chr11,43.3487026473745,Yes
321,chr11,54.593481111139,Yes
322,chr11,50.8377465742099,Yes
323,chr11,46.5037015807269,Yes
324,chr11,49.8456342291283,Yes
325,chr11,39.0830488550332,Yes
326,chr11,47.3403948808908,Yes
327,chr11,38.7329952445069,Yes
328,chr11,46.3768734824913,Yes
329,chr11,41.3090195246095,Yes
330,chr11,35.3264121651976,Yes
331,chr11,42.9577417150587,Yes
332,chr11,40.9916491533426,Yes
333,chr11,49.2815428789361,Yes
334,chr11,40.6611429585978,Yes
335,chr11,40.7276281922638,Yes
336,chr11,50.1079290279938,Yes
337,chr11,44.7354359819127,Yes
338,chr11,44.6302727540584,Yes
339,chr11,49.5418924089381,Yes
340,chr11,38.3429479219995,Yes
341,chr11,42.4540783664408,Yes
342,chr11,37.2736767600418,Yes
343,chr11,42.5674518816165,Yes
344,chr11,49.5017604098292,Yes
345,chr11,49.6543647956315,Yes
346,chr11,42.6850225066131,Yes
347,chr11,47.0125269837161,Yes
348,chr11,41.25679610733,Yes
349,chr11,39.442482261415,Yes
350,chr11,44.2662324244932,Yes
351,chr11,45.0205099437578,Yes
352,chr11,45.5042054305611,Yes
353,chr11,43.6582730977852,Yes
354,chr11,38.582300707653,Yes
355,chr11,45.9164429063571,Yes
356,chr11,42.7412103261525,Yes
357,chr11,52.1596290234291,Yes
358,chr11,48.4229259332224,Yes
359,chr11,54.31880816237,Yes
360,chr11,42.4856500192578,Yes
361,chr11,45.8996344506355,Yes
362,chr11,42.510079388329,Yes
363,chr11,41.6851703841955,Yes
364,chr11,47.0476681533226,Yes
365,chr11,47.3969462951549,Yes
366,chr11,49.5013139839569,Yes
367,chr11,48.970696920069,Yes
368,chr11,48.373007427237,Yes
369,chr11,49.2403254030095,Yes
370,chr11,43.0932465303224,Yes
371,chr11,53.1655971603285,Yes
372,chr11,41.8487250064465,Yes
373,chr11,43.7308531370846,Yes
374,chr11,38.7965026825511,Yes
375,chr11,48.4766590400986,Yes
376,chr11,46.4286529702881,Yes
377,chr11,44.4184743988552,Yes
378,chr11,51.7214535724015,Yes
379,chr11,41.9557147405358,Yes
380,chr11,43.6410560046026,Yes
381,chr11,52.6180929269648,Yes
382,chr11,48.3619850402976,Yes
383,chr11,39.5224647809356,Yes
384,chr11,44.1007242812331,Yes
385,chr11,51.667943163907,Yes
386,chr11,41.571809553174,Yes
387,chr11,47.8189303924376,Yes
388,chr11,46.4681469598759,Yes
389,chr11,46.984469850567,Yes
390,chr11,43.3632413684787,Yes
391,chr11,43.9321906657158,Yes
392,chr11,38.4922664480083,Yes
393,chr11,43.3339507816942,Yes
394,chr11,47.5867540948254,Yes
395,chr11,49.953617970529,Yes
396,chr11,45.6420887107153,Yes
397,chr11,41.6792155922545,Yes
398,chr11,45.2688975159277,Yes
399,chr11,46.3349406785746,Yes
400,chr11,44.5466862584405,Yes
401,chr11,36.1688347985845,Yes
402,chr11,42.2320867631537,Yes
403,chr11,51.0372244999958,Yes
404,chr11,53.6294768997298,Yes
405,chr11,49.5337737181905,Yes
406,chr11,39.6297065384786,Yes
407,chr11,43.1070572507627,Yes
408,chr11,54.3417323279807,Yes
409,chr11,42.9933580251261,Yes
410,chr11,51.264377476817,Yes
411,chr11,46.7418457083616,Yes
412,chr11,43.3720410918979,Yes
413,chr11,50.283176690168,Yes
414,chr11,42.3242326950349,Yes
415,chr11,39.4843361365565,Yes
416,chr11,46.0887676668494,Yes
417,chr11,36.6304907975711,Yes
418,chr11,45.9602164807977,Yes
419,chr11,53.6226344279562,Yes
420,chr11,41.3930807760968,Yes
421,chr11,43.7666741910314,Yes
422,chr11,38.8433820295986,Yes
423,chr11,45.9949783327696,Yes
424,chr11,38.1263988858479,Yes
425,chr11,41.547987565116,Yes
426,chr11,43.3381312648492,Yes
427,chr11,45.0512298293471,Yes
428,chr11,42.5343637436007,Yes
429,chr11,48.6170833213364,Yes
430,chr11,40.775444106265,Yes
431,chr11,36.0322243790078,Yes
432,chr11,55.6933183373396,Yes
433,chr11,48.6325500514116,Yes
434,chr11,37.4957348678166,Yes
435,chr11,33.2811193227071,Yes
436,chr11,40.4179865139938,Yes
437,chr11,49.4738506234233,Yes
438,chr11,47.5351312718179,Yes
439,chr11,43.8396287661003,Yes
440,chr11,48.0023973239666,Yes
441,chr11,44.7457330295753,Yes
442,chr11,37.645666511281,Yes
443,chr11,50.7524336059149,Yes
444,chr11,43.3476225022817,Yes
445,chr11,38.2903961374883,Yes
446,chr11,41.4443627166131,Yes
447,chr11,44.0806024712946,Yes
448,chr11,52.0461748368012,Yes
449,chr11,49.3492216368995,Yes
450,chr11,42.3230620427712,Yes
451,chr11,46.4926204318954,Yes
452,chr11,38.6539168909277,Yes
453,chr11,42.8747788774249,Yes
454,chr11,50.0110709957024,Yes
455,chr11,40.599070847455,Yes
456,chr11,50.8236508104373,Yes
457,chr11,43.6389437391091,Yes
458,chr11,44.6066474992752,Yes
459,chr11,45.9250245733058,Yes
460,chr11,39.9078258382783,Yes
461,chr11,45.0319646483495,Yes
462,chr11,50.4913354700839,Yes
463,chr11,41.960388683704,Yes
464,chr11,39.6268232823237,Yes
465,chr11,45.466145431536,Yes
466,chr11,40.2196923649204,Yes
467,chr11,49.8062271824695,Yes
468,chr11,37.5511097147197,Yes
469,chr11,53.6106244528517,Yes
470,chr11,44.4685344408173,Yes
471,chr11,48.2558476191147,Yes
472,chr11,53.9369131973706,Yes
473,chr11,38.9402485723487,Yes
474,chr11,37.773189806083,Yes
475,chr11,47.0891678529146,Yes
476,chr11,57.5050139595117,Yes
477,chr11,52.8367478575815,Yes
478,chr11,44.0788772728483,Yes
479,chr11,45.5393983040401,Yes
480,chr11,52.4897182182983,Yes
481,chr11,42.296168303837,Yes
482,chr11,46.3074498380406,Yes
483,chr11,45.3380677156818,Yes
484,chr11,52.4596813201901,Yes
485,chr11,48.1079667389709,Yes
486,chr11,49.2759212912344,Yes
487,chr11,47.4332961068359,Yes
488,chr11,44.6212003580172,Yes
489,chr11,45.8625758962405,Yes
490,chr11,45.8367956711904,Yes
491,chr11,45.2748965290471,Yes
492,chr11,45.9951315484055,Yes
493,chr11,44.4949352902096,Yes
494,chr11,38.4662703121091,Yes
495,chr11,37.8562933206942,Yes
496,chr11,45.2538692420659,Yes
497,chr11,51.2243606913821,Yes
498,chr11,37.6074484440376,Yes
499,chr11,47.7771867782253,Yes
500,chr11,47.0449781610604,Yes
1,chr12,55.0049337667253,No
2,chr12,49.1340707334384,No
3,chr12,46.6729606317664,No
4,chr12,47.3963191517532,No
5,chr12,46.1224663201185,No
6,chr12,43.0171824847481,No
7,chr12,38.4245368388283,No
8,chr12,45.6514242724891,No
9,chr12,42.3332139631679,No
10,chr12,44.7014514589575,No
11,chr12,41.4837175506983,No
12,chr12,43.0575154795554,No
13,chr12,43.0767314429507,No
14,chr12,47.037800259627,No
15,chr12,53.4723707073908,No
16,chr12,45.119076348816,No
17,chr12,41.2660096754051,No
18,chr12,41.1287469070258,No
19,chr12,51.4913481392879,No
20,chr12,52.0278353228954,No
21,chr12,42.0632339842413,No
22,chr12,48.9042401935627,No
23,chr12,46.6250723402816,No
24,chr12,42.1464909018042,No
25,chr12,48.3595942703133,No
26,chr12,45.2113271512245,No
27,chr12,48.6054608863446,No
28,chr12,50.2305935333197,No
29,chr12,47.2571402028625,No
30,chr12,52.9965919483381,No
31,chr12,49.010831597818,No
32,chr12,50.1981142485608,No
33,chr12,43.4226212245839,No
34,chr12,45.7382584488815,No
35,chr12,45.150047930976,No
36,chr12,41.500382041407,No
37,chr12,42.1624981885566,No
38,chr12,40.9284926353564,No
39,chr12,48.9915330541619,No
40,chr12,54.6855146705782,No
41,chr12,44.3971616426767,No
42,chr12,52.1450331067738,No
43,chr12,52.342699593761,No
44,chr12,54.1584491360459,No
45,chr12,43.5703330057781,No
46,chr12,48.2560326041657,No
47,chr12,41.9246319084867,No
48,chr12,47.1944559174834,No
49,chr12,49.7067496236652,No
50,chr12,34.9371154979982,No
51,chr12,39.1123211440562,No
52,chr12,43.2652641905539,No
53,chr12,38.8102392618659,No
54,chr12,52.8192012250194,No
55,chr12,41.9345997687356,No
56,chr12,47.7134100481824,No
57,chr12,50.8905363749202,No
58,chr12,42.918228129412,No
59,chr12,46.61184069248,No
60,chr12,44.0684239202073,No
61,chr12,47.6664115762803,No
62,chr12,44.7639290669367,No
63,chr12,51.8001456683903,No
64,chr12,44.2223219014318,No
65,chr12,37.1117603543052,No
66,chr12,43.2580986991891,No
67,chr12,36.7096155769528,No
68,chr12,44.9854710323903,No
69,chr12,52.8948822508409,No
70,chr12,56.5121592223916,No
71,chr12,52.3311281691569,No
72,chr12,45.8436800951987,No
73,chr12,45.6075547339599,No
74,chr12,43.6078784195068,No
75,chr12,44.9924858504483,No
76,chr12,47.568302909489,No
77,chr12,49.7606339384676,No
78,chr12,40.3802700810949,No
79,chr12,40.2527574395789,No
80,chr12,45.5008455152229,No
81,chr12,43.3721497784714,No
82,chr12,40.9491684207847,No
83,chr12,39.8175507324777,No
84,chr12,33.4303765320581,No
85,chr12,48.7298034029051,No
86,chr12,44.8782394089749,No
87,chr12,47.1656511851964,No
88,chr12,53.6119937066919,No
89,chr12,46.9826297302001,No
90,chr12,48.687496618237,No
91,chr12,43.4066883046478,No
92,chr12,45.876622571634,No
93,chr12,49.2549547362242,No
94,chr12,43.3485400080928,No
95,chr12,48.2207016405408,No
96,chr12,42.8789666503345,No
97,chr12,49.7990295976026,No
98,chr12,43.8593399539419,No
99,chr12,42.6884116767904,No
100,chr12,36.8830025196528,No
101,chr12,41.5468138881058,No
102,chr12,50.2254858551341,No
103,chr12,43.4004363987916,No
104,chr12,37.394236522283,No
105,chr12,39.8939861216422,No
106,chr12,42.6626133518565,No
107,chr12,46.5600862985024,No
108,chr12,45.5020774658658,No
109,chr12,41.5675459382493,No
110,chr12,51.5876716237474,No
111,chr12,47.93799832127,No
112,chr12,45.52532709276,No
113,chr12,43.8683886343649,No
114,chr12,50.8765264991787,No
115,chr12,43.0063619674559,No
116,chr12,39.7854553357587,No
117,chr12,38.2737085036316,No
118,chr12,44.7541131965745,No
119,chr12,43.7316478436638,No
120,chr12,46.7754362666819,No
121,chr12,51.0773911890948,No
122,chr12,49.7444307978471,No
123,chr12,41.3043417831813,No
124,chr12,43.9453818771734,No
125,chr12,51.2077879992495,No
126,chr12,50.6239074224424,No
127,chr12,49.6754765420747,No
128,chr12,45.7414533724312,No
129,chr12,53.0669356131669,No
130,chr12,49.7820321246381,No
131,chr12,48.0439454909248,No
132,chr12,48.2774426478807,No
133,chr12,42.7288178703405,No
134,chr12,40.8409729446917,No
135,chr12,48.7392387142429,No
136,chr12,47.4988462290594,No
137,chr12,46.2306297888008,No
138,chr12,43.7988069550158,No
139,chr12,36.7889617575864,No
140,chr12,52.7812124729587,No
141,chr12,44.596931262785,No
142,chr12,45.7433001052184,No
143,chr12,40.2932487974337,No
144,chr12,46.2277719337148,No
145,chr12,49.8999836504114,No
146,chr12,46.0492544501987,No
147,chr12,44.685781738191,No
148,chr12,32.9336931855906,No
149,chr12,31.7311059732544,No
150,chr12,33.299902069597,No
151,chr12,44.4140414087603,No
152,chr12,41.0141386177052,No
153,chr12,38.899165073905,No
154,chr12,58.1016714958436,No
155,chr12,37.1408701770114,No
156,chr12,49.2227240037129,No
157,chr12,46.1441814294831,No
158,chr12,51.6842515773274,No
159,chr12,37.0905868478716,No
160,chr12,39.0374828694611,No
161,chr12,44.1420526208648,No
162,chr12,49.389625541653,No
163,chr12,40.0162108130712,No
164,chr12,45.3194948112404,No
165,chr12,41.1188074542074,No
166,chr12,45.6669425062815,No
167,chr12,37.8596069594699,No
168,chr12,45.8359807797206,No
169,chr12,44.4179937976296,No
170,chr12,53.2340840892865,No
171,chr12,42.4863187437409,No
172,chr12,46.4747399834297,No
173,chr12,45.2561772550082,No
174,chr12,43.8338420528611,No
175,chr12,47.1661331050022,No
176,chr12,38.6365545564507,No
177,chr12,37.2526171196844,No
178,chr12,38.2271605812461,No
179,chr12,38.263696869566,No
180,chr12,42.664163566133,No
181,chr12,41.5129739482566,No
182,chr12,49.7007248930079,No
183,chr12,45.7820663532203,No
184,chr12,55.8193392190283,No
185,chr12,46.8469297223361,No
186,chr12,33.365912076355,No
187,chr12,51.2619714269126,No
188,chr12,43.2773104698103,No
189,chr12,43.7046489207556,No
190,chr12,49.076874290936,No
191,chr12,37.3097448794491,No
192,chr12,40.8978136225346,No
193,chr12,44.9279092229949,No
194,chr12,45.2185019892252,No
195,chr12,46.1186949346343,No
196,chr12,42.5908261435482,No
197,chr12,48.8757236843307,No
198,chr12,47.3312826472234,No
199,chr12,48.1501311960437,No
200,chr12,39.4599507166222,No
201,chr12,48.7927727015209,No
202,chr12,47.4037047677603,No
203,chr12,50.1180325864772,No
204,chr12,41.3642173153121,No
205,chr12,38.0720767659018,No
206,chr12,52.4643530704028,No
207,chr12,49.939630541567,No
208,chr12,47.5362302209292,No
209,chr12,43.7559764747809,No
210,chr12,38.2713546840711,No
211,chr12,45.6369641697987,No
212,chr12,42.2577010750802,No
213,chr12,46.5415024665697,No
214,chr12,50.6966888154347,No
215,chr12,47.9656151908109,No
216,chr12,42.272867402456,No
217,chr12,44.2998079731706,No
218,chr12,42.1962918798367,No
219,chr12,41.5851738239788,No
220,chr12,44.6799931390243,No
221,chr12,48.1935210488316,No
222,chr12,44.7531373251916,No
223,chr12,43.7508852948833,No
224,chr12,52.3920150806008,No
225,chr12,44.1272709315185,No
226,chr12,47.6246182460427,No
227,chr12,45.3000902467952,No
228,chr12,44.5172192343368,No
229,chr12,33.4411338143526,No
230,chr12,37.6108313875311,No
231,chr12,39.9894581799352,No
232,chr12,48.1408503243653,No
233,chr12,47.5143326475618,No
234,chr12,39.2895765078945,No
235,chr12,34.2120244933542,No
236,chr12,49.3205316854498,No
237,chr12,47.2674107491464,No
238,chr12,42.6809596548012,No
239,chr12,50.3304074925693,No
240,chr12,47.0470155525107,No
241,chr12,51.9220594476196,No
242,chr12,45.2395963839249,No
243,chr12,46.7933070093496,No
244,chr12,43.9977260413447,No
245,chr12,35.1854964834252,No
246,chr12,43.2058943332508,No
247,chr12,46.8425309762961,No
248,chr12,48.941321958898,No
249,chr12,47.5646876482778,No
250,chr12,39.8594424555481,No
251,chr12,44.1580517523233,Yes
252,chr12,58.8056747219992,Yes
253,chr12,51.8581237470816,Yes
254,chr12,57.2448431646543,Yes
255,chr12,46.7290644031609,Yes
256,chr12,49.9382387851189,Yes
257,chr12,44.1766500894281,Yes
258,chr12,44.0573094043867,Yes
259,chr12,61.3082558945446,Yes
260,chr12,49.8534521182288,Yes
261,chr12,49.5275776528182,Yes
262,chr12,51.4902576291062,Yes
263,chr12,46.4333658857613,Yes
264,chr12,49.4438868158929,Yes
265,chr12,63.3742628091019,Yes
266,chr12,56.3081614271497,Yes
267,chr12,49.8128917460234,Yes
268,chr12,48.8818332647597,Yes
269,chr12,46.1570289660158,Yes
270,chr12,50.0872038744728,Yes
271,chr12,47.3142743027506,Yes
272,chr12,37.4497911065607,Yes
273,chr12,47.2159573661703,Yes
274,chr12,55.5052762252647,Yes
275,chr12,45.9145657405143,Yes
276,chr12,43.7034400779748,Yes
277,chr12,50.1845378297177,Yes
278,chr12,54.2629082064123,Yes
279,chr12,50.3048023022814,Yes
280,chr12,48.3973539827597,Yes
281,chr12,39.1427673536015,Yes
282,chr12,54.0323430005663,Yes
283,chr12,57.017125661513,Yes
284,chr12,46.3350797654306,Yes
285,chr12,59.8552452072406,Yes
286,chr12,48.7059579988328,Yes
287,chr12,40.1129082141867,Yes
288,chr12,56.4093967605476,Yes
289,chr12,50.0862881516225,Yes
290,chr12,53.9069693165043,Yes
291,chr12,53.519612117277,Yes
292,chr12,48.9039223419871,Yes
293,chr12,47.0747401545356,Yes
294,chr12,52.145796063516,Yes
295,chr12,57.7370427776959,Yes
296,chr12,52.13356730479,Yes
297,chr12,47.5533926916729,Yes
298,chr12,47.1785316034709,Yes
299,chr12,55.9644857281066,Yes
300,chr12,48.4237227266287,Yes
301,chr12,46.2846743059707,Yes
302,chr12,49.5133123193937,Yes
303,chr12,50.0277223753722,Yes
304,chr12,50.7136005553861,Yes
305,chr12,51.6305046972668,Yes
306,chr12,38.8081275262504,Yes
307,chr12,47.3886565651409,Yes
308,chr12,53.4521255057167,Yes
309,chr12,50.522440112117,Yes
310,chr12,46.8027647226973,Yes
311,chr12,51.0462123360582,Yes
312,chr12,49.806669777336,Yes
313,chr12,47.701937389461,Yes
314,chr12,39.2165751011553,Yes
315,chr12,52.1165256416064,Yes
316,chr12,50.0117289346578,Yes
317,chr12,55.5694248820781,Yes
318,chr12,46.6648009854271,Yes
319,chr12,50.4883153874333,Yes
320,chr12,54.6767426600856,Yes
321,chr12,63.0076034014477,Yes
322,chr12,46.3652747618531,Yes
323,chr12,49.6034407523542,Yes
324,chr12,64.2857368542012,Yes
325,chr12,54.6907006880631,Yes
326,chr12,58.3455634314042,Yes
327,chr12,62.2635253687329,Yes
328,chr12,51.193626122872,Yes
329,chr12,51.9024861459941,Yes
330,chr12,49.7875934517616,Yes
331,chr12,48.0026889629424,Yes
332,chr12,45.555293569046,Yes
333,chr12,46.1107639981907,Yes
334,chr12,50.4187386763124,Yes
335,chr12,55.8681298920207,Yes
336,chr12,45.7245065915429,Yes
337,chr12,49.4841280727393,Yes
338,chr12,50.3138495236651,Yes
339,chr12,51.0545247747404,Yes
340,chr12,51.7264242009352,Yes
341,chr12,42.3960275552764,Yes
342,chr12,47.1641153620769,Yes
343,chr12,53.0277206392309,Yes
344,chr12,51.423818388525,Yes
345,chr12,45.0027678118684,Yes
346,chr12,49.0012432697826,Yes
347,chr12,53.5700583358781,Yes
348,chr12,54.5074224552953,Yes
349,chr12,54.7057345237784,Yes
350,chr12,60.0655846786182,Yes
351,chr12,41.7735436809932,Yes
352,chr12,47.0032418248571,Yes
353,chr12,55.1732005345838,Yes
354,chr12,56.7675706035541,Yes
355,chr12,48.5056032330555,Yes
356,chr12,48.5377724004004,Yes
357,chr12,47.5977813179533,Yes
358,chr12,40.7959356696627,Yes
359,chr12,50.761672351817,Yes
360,chr12,52.1021945353153,Yes
361,chr12,46.5579257555229,Yes
362,chr12,42.648615970296,Yes
363,chr12,53.6936281879205,Yes
364,chr12,58.8325903608705,Yes
365,chr12,45.356563118168,Yes
366,chr12,52.2799911467549,Yes
367,chr12,53.810792712304,Yes
368,chr12,53.5174688606306,Yes
369,chr12,50.9233912443123,Yes
370,chr12,52.1353694504983,Yes
371,chr12,51.4937099257499,Yes
372,chr12,53.2985159626112,Yes
373,chr12,54.3878846812631,Yes
374,chr12,51.4978961609041,Yes
375,chr12,50.19373710088,Yes
376,chr12,57.6124861637799,Yes
377,chr12,47.0149363272046,Yes
378,chr12,53.2154881618353,Yes
379,chr12,57.7047005260118,Yes
380,chr12,42.4560607199041,Yes
381,chr12,47.5405568423341,Yes
382,chr12,44.9142599734412,Yes
383,chr12,46.4284715417634,Yes
384,chr12,52.3070052142223,Yes
385,chr12,41.003083697357,Yes
386,chr12,41.109511352878,Yes
387,chr12,60.23114641538,Yes
388,chr12,50.7269724934929,Yes
389,chr12,47.492133845116,Yes
390,chr12,45.3720205779931,Yes
391,chr12,44.1022071114387,Yes
392,chr12,45.4469436957976,Yes
393,chr12,50.9675796002189,Yes
394,chr12,47.7755086108852,Yes
395,chr12,36.5599189793831,Yes
396,chr12,52.3196359847789,Yes
397,chr12,50.3928781618626,Yes
398,chr12,56.8268812421454,Yes
399,chr12,51.8622632169176,Yes
400,chr12,50.7243819201456,Yes
401,chr12,45.5839459275613,Yes
402,chr12,46.9693320525993,Yes
403,chr12,65.5300922450993,Yes
404,chr12,45.6819200887697,Yes
405,chr12,52.2543362580601,Yes
406,chr12,45.5555046504222,Yes
407,chr12,52.1187215351416,Yes
408,chr12,53.6967440431021,Yes
409,chr12,53.761786739573,Yes
410,chr12,52.266226067201,Yes
411,chr12,47.0414445393733,Yes
412,chr12,51.4768868004592,Yes
413,chr12,52.245737219159,Yes
414,chr12,53.7498006834912,Yes
415,chr12,58.6494403554745,Yes
416,chr12,53.3999822401966,Yes
417,chr12,51.0815051300471,Yes
418,chr12,55.605476993537,Yes
419,chr12,50.1262981167642,Yes
420,chr12,43.1623823696898,Yes
421,chr12,42.430931960182,Yes
422,chr12,52.242215676701,Yes
423,chr12,51.9503614153075,Yes
424,chr12,45.8560546939626,Yes
425,chr12,53.285583461579,Yes
426,chr12,53.4418239741923,Yes
427,chr12,52.4231867928417,Yes
428,chr12,51.2577323800565,Yes
429,chr12,52.273475399012,Yes
430,chr12,51.2459362039864,Yes
431,chr12,50.6738316835389,Yes
432,chr12,51.1669502590269,Yes
433,chr12,52.5402305277951,Yes
434,chr12,43.6067678151549,Yes
435,chr12,43.5496344182427,Yes
436,chr12,52.6872590636757,Yes
437,chr12,57.8853472896779,Yes
438,chr12,57.1083313701703,Yes
439,chr12,55.7903447771546,Yes
440,chr12,55.5554781286439,Yes
441,chr12,65.2912913311043,Yes
442,chr12,48.3228639854384,Yes
443,chr12,48.1332694503116,Yes
444,chr12,53.6423016649508,Yes
445,chr12,53.2596132563048,Yes
446,chr12,53.0649807424963,Yes
447,chr12,54.1491550742656,Yes
448,chr12,39.5005986658031,Yes
449,chr12,49.3347539262328,Yes
450,chr12,50.6334113469291,Yes
451,chr12,47.8590078222876,Yes
452,chr12,50.4820952901379,Yes
453,chr12,51.9049977046061,Yes
454,chr12,54.1401753992902,Yes
455,chr12,39.0734716435216,Yes
456,chr12,52.0771688088031,Yes
457,chr12,44.1365212226498,Yes
458,chr12,55.918748283402,Yes
459,chr12,52.6524579010993,Yes
460,chr12,52.2143209078515,Yes
461,chr12,51.6142155298846,Yes
462,chr12,51.9896964360832,Yes
463,chr12,48.3693091530582,Yes
464,chr12,48.0155527103462,Yes
465,chr12,49.1181244097306,Yes
466,chr12,56.5988830875428,Yes
467,chr12,39.8693656446831,Yes
468,chr12,51.285266424433,Yes
469,chr12,42.2040692897807,Yes
470,chr12,52.0307575273904,Yes
471,chr12,46.8329961395922,Yes
472,chr12,45.4154880694447,Yes
473,chr12,41.989358573217,Yes
474,chr12,43.8964329817796,Yes
475,chr12,46.5432957563398,Yes
476,chr12,49.3672324482382,Yes
477,chr12,51.1742741410556,Yes
478,chr12,43.6004319624576,Yes
479,chr12,42.5762268828171,Yes
480,chr12,46.4940564594596,Yes
481,chr12,46.821345288116,Yes
482,chr12,51.4276336718137,Yes
483,chr12,47.5005376359687,Yes
484,chr12,54.7021896755285,Yes
485,chr12,51.5118358374566,Yes
486,chr12,48.6082726298573,Yes
487,chr12,50.4884360128654,Yes
488,chr12,48.3602537976491,Yes
489,chr12,48.2887225932458,Yes
490,chr12,55.9822807176294,Yes
491,chr12,44.798541481663,Yes
492,chr12,54.3548612576277,Yes
493,chr12,58.6638484972761,Yes
494,chr12,42.5685604641651,Yes
495,chr12,45.618868051859,Yes
496,chr12,51.4906892831415,Yes
497,chr12,39.9425001160181,Yes
498,chr12,53.6275705079721,Yes
499,chr12,54.3793088687282,Yes
500,chr12,52.2348435754154,Yes
