AT1G11980	237
AT1G66145	306
AT3G12960	376
AT1G06225	381
AT1G67775	385
ATCG00470	399
AT5G05770	429
AT2G24940	484
AT5G15770	490
ATMG01080	504
AT2G31082	512
AT5G58650	519
AT3G09922	542
AT4G30300	546
AT5G12990	551
AT5G20935	562
AT1G52970	602
AT2G31081	608
AT5G12235	609
ATMG00110	621
AT2G35300	634
AT1G45190	654
AT3G19350	654
AT1G63245	687
AT2G31085	708
AT1G25310	711
AT1G05065	717
AT2G34870	717
AT2G40880	735
AT2G34925	740
AT3G46230	750
AT3G25905	757
AT5G64800	758
AT4G14860	759
AT1G69320	763
AT3G45170	768
AT1G20000	769
AT2G07771	771
ATMG00900	771
AT4G13380	772
AT4G38850	773
AT5G26930	777
AT1G20710	783
AT1G43790	783
AT3G23230	786
AT4G25380	791
AT4G03350	792
AT4G37140	794
AT2G47840	815
AT1G29510	817
AT2G40170	817
AT2G27250	820
AT4G22600	822
AT1G73165	829
AT2G19990	832
AT2G31083	839
AT1G73965	842
AT1G53680	845
AT3G24225	850
AT1G02900	854
AT1G55640	858
AT3G09290	861
AT2G31980	863
AT4G10100	864
AT3G46940	873
AT4G18510	876
AT2G14580	877
AT1G17700	880
AT5G12020	881
AT5G12030	882
AT1G69588	884
AT1G79960	888
AT2G45760	892
AT2G47270	899
AT2G14610	902
AT1G58450	903
AT1G74500	903
AT1G32480	908
AT1G02820	912
AT1G51150	921
AT5G48920	922
AT2G34600	923
AT5G07110	929
AT5G65158	929
AT2G32765	930
AT5G19790	933
AT2G46390	934
AT4G36110	940
AT1G09180	950
AT2G41230	950
AT2G20875	952
AT5G19650	954
AT1G32560	959
AT2G29420	964
AT3G59900	968
AT3G50260	969
AT3G50970	969
AT5G26594	973
AT2G38210	974
AT5G54745	978
AT5G59720	978
AT1G78320	983
AT3G18690	984
AT5G51990	984
AT4G25470	986
AT5G06760	986
AT1G30135	990
AT5G39650	992
AT1G07645	1000
AT1G51100	1001
AT4G35280	1004
AT1G12060	1005
AT5G09750	1006
AT3G22231	1011
AT5G55710	1013
AT5G56230	1013
AT1G08770	1016
AT4G35700	1016
AT4G06746	1019
AT5G33210	1019
AT2G17180	1022
AT1G05420	1040
AT3G58850	1041
AT2G47770	1044
AT4G18980	1049
AT5G48890	1060
AT1G68795	1061
AT4G02380	1064
AT4G36410	1067
AT5G37055	1072
AT4G22550	1073
AT1G65770	1083
AT1G26600	1088
AT3G58190	1089
AT1G05385	1090
AT5G01580	1093
AT4G39730	1095
AT3G03190	1096
AT2G03440	1097
AT4G25950	1099
AT5G62480	1100
AT1G17180	1101
AT3G04880	1105
AT1G34245	1107
AT3G51810	1110
AT1G27140	1111
AT5G01640	1111
AT2G30395	1115
AT3G29380	1118
AT5G56550	1119
AT1G22990	1120
AT1G74670	1120
AT2G29480	1124
AT1G13690	1129
AT1G67940	1134
AT3G56380	1134
AT5G43840	1135
AT4G29658	1137
AT1G43160	1141
AT1G78360	1141
AT2G40380	1142
AT4G27670	1147
AT4G09650	1151
AT3G06740	1156
AT3G49860	1158
AT1G78340	1159
AT3G11260	1161
AT5G49300	1163
AT2G02930	1166
AT5G51545	1167
AT2G25340	1169
AT3G24770	1171
AT4G09550	1172
AT2G01620	1173
AT5G05380	1173
AT2G45210	1177
AT2G06200	1180
AT1G02440	1184
AT4G25200	1185
AT5G42040	1185
AT2G38050	1186
AT3G17930	1186
AT2G21650	1187
AT5G44610	1188
AT4G24570	1192
AT5G39210	1195
AT1G71050	1196
AT2G18870	1198
AT2G29490	1198
AT2G43100	1198
AT2G42870	1203
AT2G41690	1205
AT2G47910	1206
AT5G54640	1206
AT4G35060	1207
AT2G05620	1213
AT4G36900	1214
AT3G05800	1215
AT4G25490	1217
AT3G43800	1218
AT2G29470	1219
AT2G38340	1220
AT1G19570	1222
AT3G17668	1226
AT1G06920	1227
AT1G74590	1234
AT2G39120	1237
AT3G52525	1237
AT3G04280	1238
AT1G46768	1239
AT3G58990	1246
AT5G17220	1246
AT5G60340	1247
AT1G12980	1248
AT4G14830	1251
AT5G01840	1251
AT1G35140	1253
AT2G40475	1254
AT5G05950	1255
AT4G27030	1258
AT1G49530	1261
AT3G16870	1264
AT5G67060	1266
AT1G76180	1269
AT1G75030	1270
AT1G78370	1270
AT5G62120	1271
AT2G38360	1279
AT5G66110	1281
AT3G17210	1282
AT1G02430	1283
AT3G22500	1283
AT3G50630	1290
AT2G46505	1291
AT3G19160	1291
AT2G23800	1295
AT5G40940	1300
AT2G32100	1304
AT4G36620	1311
AT4G02080	1313
AT2G18500	1317
AT4G04030	1320
ATMG00410	1321
AT2G01505	1323
AT3G04530	1323
AT5G22250	1323
AT1G17190	1326
AT5G67110	1326
AT1G02940	1328
AT2G16740	1334
AT3G51790	1335
AT3G04720	1336
AT3G12890	1336
AT5G67080	1336
AT1G69930	1338
AT3G44260	1339
AT1G05100	1341
AT1G17170	1341
AT2G15970	1342
AT2G24540	1342
AT5G50240	1342
AT4G14440	1345
AT1G20340	1347
AT3G52540	1348
AT2G43570	1352
AT1G02950	1353
AT1G75040	1353
AT5G58070	1356
AT1G59670	1357
AT4G36240	1357
AT2G30400	1363
AT2G37380	1364
AT1G54140	1367
AT4G35390	1367
AT2G01590	1368
AT1G60530	1371
AT3G62690	1373
AT2G22170	1375
AT2G37678	1376
AT1G22220	1378
AT1G75950	1378
AT1G04630	1379
AT1G74090	1380
AT1G69920	1381
AT4G04780	1384
AT2G41430	1385
AT2G30870	1387
AT1G02930	1388
AT2G29450	1388
AT5G56720	1389
AT5G04820	1390
AT4G25480	1391
AT1G01360	1392
AT1G75270	1395
AT2G48150	1399
AT3G20750	1402
AT1G02920	1403
AT1G10360	1403
AT1G36340	1404
AT1G21910	1405
AT2G39370	1413
AT2G29460	1414
AT4G36950	1416
AT5G49240	1418
AT1G33040	1421
AT2G21400	1423
AT3G50330	1423
AT1G01470	1424
AT3G48330	1425
AT2G45050	1431
AT1G69490	1435
AT2G18640	1443
AT3G60870	1443
AT1G49860	1444
AT3G10985	1444
AT2G36050	1445
AT3G50310	1447
AT1G78220	1461
AT5G45100	1462
AT1G25425	1464
AT5G02630	1464
AT5G09680	1464
AT5G12140	1468
AT3G50920	1469
AT4G13195	1470
AT1G73910	1471
AT1G10370	1476
AT1G18480	1476
AT3G12630	1477
AT3G61190	1478
AT5G62575	1479
AT3G22360	1480
AT1G19050	1482
AT1G70170	1483
AT5G55080	1483
AT4G32890	1486
AT4G19680	1491
AT5G47680	1494
ATCG00480	1497
AT1G20700	1499
AT1G12550	1501
AT5G05150	1501
AT1G13950	1502
AT5G47870	1502
AT3G09270	1504
AT3G63170	1508
AT1G67090	1510
AT2G30860	1511
AT1G07370	1517
AT3G12490	1520
AT4G00950	1520
AT2G37180	1521
AT1G63460	1522
ATCG00120	1524
ATMG01190	1524
AT2G39820	1525
AT3G16640	1526
AT1G08480	1527
AT2G18120	1529
AT4G34340	1531
AT4G29190	1533
AT4G03240	1535
AT3G51300	1536
AT4G20280	1537
AT1G29395	1538
AT2G32510	1539
AT5G52900	1539
AT1G76790	1542
AT3G60530	1542
AT5G60880	1548
AT1G78100	1551
AT5G43340	1551
AT4G13985	1552
AT2G35520	1553
AT4G29880	1553
AT1G63800	1554
AT3G57560	1554
AT4G37300	1556
AT1G60870	1557
AT5G55090	1562
AT1G16090	1564
AT5G09470	1564
AT2G02240	1565
AT4G26890	1570
AT2G18380	1571
AT1G74890	1579
AT1G77710	1579
ATCG00040	1581
AT5G66280	1589
AT2G19330	1593
AT3G54430	1596
AT4G38880	1599
AT2G25680	1600
AT2G30040	1601
AT2G29440	1602
AT4G27540	1603
AT5G51040	1603
AT4G02730	1605
AT1G09070	1606
AT5G44316	1611
AT5G24780	1612
AT1G06350	1615
AT3G62230	1616
AT1G59940	1617
AT1G27130	1618
AT2G28160	1619
AT3G04620	1620
AT1G78380	1621
AT3G19150	1622
AT1G17710	1623
AT1G21110	1623
AT3G02800	1623
AT3G62440	1623
AT5G03080	1623
AT2G46870	1628
AT4G26160	1629
AT3G08700	1632
AT3G01390	1633
AT5G65165	1636
AT4G11600	1638
AT4G16210	1641
AT2G29350	1643
AT1G21120	1645
AT5G58360	1648
AT1G04940	1649
AT3G06110	1650
AT1G27950	1652
AT1G56260	1653
AT1G28330	1655
AT1G71190	1655
AT5G02200	1655
AT1G06570	1661
AT3G63080	1661
AT1G46480	1662
AT5G46360	1662
AT1G53520	1663
AT3G27620	1663
AT3G43160	1665
AT3G51910	1666
AT2G01290	1667
AT5G52870	1669
AT5G54070	1669
AT5G13850	1670
AT4G19690	1672
AT3G12610	1673
AT3G18130	1674
AT4G15400	1677
AT3G47833	1679
AT4G24180	1679
AT3G24890	1683
AT4G37000	1684
AT1G02680	1686
AT1G08650	1686
AT5G62540	1686
AT3G07220	1687
AT5G26230	1688
AT3G16430	1691
AT4G02520	1691
AT5G43360	1691
AT3G49700	1693
AT1G60430	1695
AT3G26640	1696
AT3G21760	1698
AT4G23710	1699
AT4G18040	1703
AT1G20450	1704
AT1G69410	1705
AT3G04570	1706
AT5G25830	1706
AT2G45490	1707
AT4G03320	1708
AT1G70330	1711
AT3G49470	1711
AT4G35650	1712
AT5G59340	1713
AT4G21320	1714
AT1G61870	1716
AT1G66580	1717
AT2G27820	1718
AT5G07840	1718
AT1G59700	1724
AT2G25240	1725
AT2G33380	1725
AT5G45890	1725
AT5G61160	1725
AT2G19810	1727
AT4G34680	1728
AT2G19640	1729
AT4G01500	1730
AT2G18650	1731
AT4G36450	1734
AT4G15550	1738
AT3G62670	1739
AT5G11260	1739
AT1G48630	1742
AT4G00355	1742
AT4G29830	1742
AT5G04190	1742
AT1G75440	1744
AT1G47420	1746
AT5G06000	1746
AT1G77360	1747
AT5G37680	1748
AT5G45930	1748
AT5G18520	1749
AT1G21100	1751
AT2G15290	1756
AT5G24770	1757
AT1G79110	1760
AT3G46460	1760
AT5G63140	1764
AT3G51080	1767
AT1G32370	1768
AT1G30560	1769
AT2G45430	1769
AT4G32210	1771
AT1G69370	1772
AT4G30480	1776
AT5G07220	1780
AT2G40180	1782
AT5G17450	1782
AT5G61230	1782
AT2G40060	1784
AT3G10110	1785
AT5G41210	1785
AT1G55300	1786
AT1G19800	1791
AT3G17300	1792
AT4G38580	1792
AT2G15890	1793
AT2G17130	1794
AT3G12920	1794
AT3G16450	1794
AT4G03960	1794
AT5G50750	1796
AT4G36810	1798
AT5G57140	1798
AT5G61760	1799
AT5G62100	1801
AT1G14280	1802
AT1G13260	1803
AT1G32350	1805
AT3G10150	1808
AT3G24520	1809
AT3G55040	1809
AT5G01340	1809
AT5G44110	1810
AT1G52690	1811
AT4G24220	1811
AT2G31030	1812
AT3G20060	1812
AT5G13450	1813
AT1G16370	1815
AT1G26480	1815
AT4G14465	1815
AT4G20440	1816
AT1G64200	1817
AT3G08560	1817
AT4G00110	1819
AT5G50870	1819
AT1G70895	1820
AT1G73010	1821
AT1G46264	1822
AT4G14080	1822
AT1G64080	1824
AT4G17750	1829
AT1G53270	1830
AT1G77240	1832
AT2G36890	1833
AT1G08250	1834
AT1G50170	1835
AT2G02380	1835
AT5G20900	1836
AT1G05680	1837
AT5G62020	1837
AT2G15310	1839
AT1G29590	1841
AT2G42530	1841
AT3G02040	1844
AT2G29570	1848
AT3G17170	1848
AT4G13700	1848
AT5G07880	1848
AT3G50830	1849
AT3G17790	1851
AT1G50490	1853
AT2G01760	1859
AT5G40010	1859
AT1G76690	1862
AT3G08900	1864
AT5G16480	1871
AT2G45350	1876
AT5G22360	1880
AT3G51780	1881
AT5G05470	1883
AT2G46880	1884
AT2G42540	1890
AT2G34570	1891
AT3G24515	1891
AT1G19180	1892
AT5G67520	1892
AT3G01200	1895
AT4G30440	1895
AT3G06430	1896
AT2G32670	1898
AT3G44720	1903
AT3G57870	1903
AT3G22950	1904
AT4G21560	1904
AT3G17390	1905
AT5G62850	1907
AT3G08690	1908
AT5G66450	1911
AT1G79360	1913
AT3G21740	1913
AT5G53660	1916
AT1G75630	1917
AT5G11150	1918
AT5G38480	1918
AT3G63200	1919
AT3G28455	1921
AT1G21130	1923
AT2G18000	1923
AT1G31340	1924
AT3G43720	1924
AT2G30170	1925
AT5G16710	1926
AT2G45980	1927
AT1G23320	1928
AT4G12250	1929
AT3G04370	1930
AT1G79410	1931
AT4G35550	1931
AT3G33520	1933
AT1G17020	1934
AT3G26410	1934
AT5G57930	1935
AT1G80310	1937
AT5G48930	1937
AT1G61630	1941
AT3G61970	1943
AT2G45640	1944
AT5G41700	1944
AT4G32150	1948
AT4G29840	1949
AT2G31570	1950
AT4G29670	1950
AT1G08100	1951
AT3G61580	1951
AT5G45980	1951
AT5G61440	1952
AT1G63270	1957
AT3G60880	1959
AT2G45310	1962
AT5G64210	1962
AT5G11270	1964
AT3G16570	1965
AT2G46210	1966
AT4G27960	1970
AT5G10870	1972
AT4G35970	1973
AT4G36990	1975
AT1G69960	1977
AT4G27410	1979
AT1G55580	1980
AT4G21210	1981
AT1G16390	1985
AT2G42430	1985
AT3G21200	1986
AT3G24050	1988
AT5G63400	1988
AT4G26200	1989
AT5G06090	1991
AT2G22810	1993
AT5G14570	1995
AT2G24820	1997
AT5G07060	1998
AT5G16510	1998
AT1G78300	1999
AT3G45060	1999
AT1G60960	2001
AT5G07370	2001
AT5G63310	2001
AT5G42990	2002
AT1G02280	2004
AT3G49850	2005
AT5G14670	2006
AT5G37660	2007
AT2G33270	2010
AT3G15840	2010
AT4G15780	2011
AT5G43980	2011
AT3G49870	2012
AT2G46110	2013
AT1G20575	2016
AT1G51660	2016
AT1G12900	2017
AT4G25750	2017
AT1G03900	2021
AT3G52300	2021
AT2G39290	2022
AT4G26150	2023
AT1G64810	2024
AT1G34760	2027
AT1G75520	2028
AT1G01520	2029
AT1G04530	2031
AT1G59720	2033
AT1G59580	2034
AT3G55560	2035
AT4G11010	2035
AT1G29390	2037
AT5G14800	2037
AT3G48850	2044
AT5G02780	2045
AT1G73220	2046
AT5G63570	2046
AT1G07060	2050
AT4G01037	2050
AT5G24330	2050
AT1G69970	2051
AT1G56330	2054
AT1G64230	2055
AT5G19410	2055
AT1G07150	2056
AT5G09260	2056
AT3G55030	2057
AT5G57850	2057
AT4G28390	2060
AT4G01840	2061
AT1G30230	2064
AT1G67970	2064
AT4G15802	2064
AT1G01030	2066
AT3G11397	2066
AT4G29080	2066
AT5G65720	2067
AT1G68840	2068
AT1G78600	2069
AT3G11410	2069
AT5G27210	2070
AT1G01090	2071
AT4G28950	2072
AT4G11150	2075
AT4G39090	2075
AT3G21580	2078
AT3G23610	2078
AT4G37770	2079
AT4G15410	2080
AT1G63160	2081
AT4G00260	2081
AT1G10630	2086
AT1G02000	2088
AT5G45830	2089
AT5G02040	2092
AT1G56410	2095
AT3G02520	2096
AT2G34690	2097
AT1G10210	2099
AT5G05590	2099
AT3G18850	2101
AT4G36800	2104
AT3G60720	2106
AT3G18220	2108
AT4G18830	2109
AT5G53160	2109
AT5G63560	2109
AT5G20020	2115
AT2G01660	2116
AT4G00231	2118
AT1G02860	2119
AT2G01350	2119
AT2G46030	2120
AT4G36350	2121
AT1G62400	2123
AT1G15080	2125
AT5G52860	2126
AT1G59830	2127
AT5G41340	2127
AT1G17120	2128
AT2G34960	2128
AT2G46070	2131
AT2G43350	2133
AT5G03555	2134
AT5G40650	2134
AT1G78080	2136
AT4G12040	2139
AT1G08570	2140
AT5G66320	2140
AT3G48890	2141
AT4G25840	2141
AT2G36460	2142
AT4G25220	2144
AT3G43700	2145
AT2G16570	2146
AT3G49660	2150
AT1G22280	2152
AT2G38560	2153
AT2G42590	2153
AT5G05987	2154
AT2G32830	2158
AT4G33250	2158
AT1G31190	2159
AT2G21600	2164
AT1G68000	2167
AT1G20090	2168
AT4G37980	2168
AT2G26150	2169
AT1G53910	2170
AT5G04490	2170
AT1G04760	2172
AT2G17380	2172
AT1G78050	2175
AT3G09640	2175
AT3G21420	2177
AT3G48040	2177
AT3G14230	2179
AT5G67560	2180
AT4G29800	2181
AT5G03690	2181
AT5G16440	2183
AT3G26650	2184
AT5G22630	2185
AT1G04750	2186
AT1G66120	2186
AT3G26500	2189
AT1G64520	2193
AT4G39540	2193
AT5G43380	2193
AT1G19790	2194
AT2G39840	2197
AT1G20560	2201
AT3G22425	2201
AT5G65810	2201
AT1G43800	2202
AT5G01920	2204
AT1G01290	2206
AT3G48730	2208
AT5G66055	2208
AT2G01180	2209
AT4G34740	2210
AT1G35910	2211
AT1G76680	2212
AT4G04770	2214
AT1G03950	2215
AT3G55380	2217
AT5G60780	2220
AT1G65890	2222
AT1G48140	2224
AT3G22370	2226
AT2G36305	2228
AT5G09790	2229
AT2G25080	2230
AT4G35260	2230
AT5G51120	2231
AT4G10090	2233
AT1G23490	2235
AT5G02270	2235
AT3G25530	2237
AT5G13050	2237
AT5G20010	2237
AT1G08010	2238
AT3G03910	2239
AT5G16370	2239
AT1G56360	2240
AT4G37990	2242
AT4G10560	2244
AT5G03290	2245
AT5G63870	2247
AT2G24100	2250
AT1G78870	2252
AT3G20860	2255
AT3G25110	2255
AT1G31180	2257
AT3G02570	2257
AT2G02760	2258
AT3G49180	2258
AT3G11430	2259
AT1G32210	2261
AT1G65880	2261
AT3G03900	2261
AT4G08040	2263
AT4G18370	2268
AT1G68050	2269
AT2G39990	2269
AT4G01190	2269
AT5G42900	2270
AT3G22830	2271
AT4G09000	2272
AT5G09600	2272
AT2G03820	2273
AT5G43370	2275
AT1G12940	2276
AT2G03450	2280
AT2G45440	2280
AT5G14200	2280
AT5G54960	2280
AT2G04040	2281
AT5G16050	2284
AT5G57280	2287
AT2G39220	2288
AT1G78290	2289
AT4G38920	2289
AT4G38170	2290
AT4G17550	2292
AT5G13220	2292
AT1G78120	2293
AT5G53300	2294
AT1G04130	2295
AT4G01560	2295
AT2G33120	2296
AT5G52100	2299
AT1G08090	2300
AT2G36840	2300
AT3G11900	2300
AT5G56150	2301
AT3G45640	2304
AT4G36930	2304
AT3G05010	2305
AT3G03120	2307
AT2G13610	2308
AT5G62920	2312
AT3G56450	2313
AT5G13170	2313
AT5G56860	2315
AT2G14560	2316
AT4G25860	2318
AT4G29040	2318
AT5G39400	2318
AT4G29140	2319
AT1G71310	2320
AT4G38570	2321
AT5G67180	2323
AT1G29410	2324
AT2G17840	2325
AT2G18660	2326
AT3G01550	2332
AT3G17470	2332
AT5G17060	2334
AT3G02230	2335
AT3G11400	2336
AT3G47520	2340
AT5G24470	2343
AT3G54770	2345
AT3G55800	2347
AT5G05080	2347
AT4G00220	2348
AT3G62290	2350
AT1G18650	2351
AT1G16890	2353
AT1G62180	2356
AT5G58003	2356
AT1G17380	2357
AT4G21800	2357
AT1G62440	2361
AT2G31360	2361
AT5G43330	2361
AT5G48910	2364
AT3G46790	2365
AT2G41530	2366
AT3G58490	2367
AT5G18070	2367
AT5G67370	2368
AT5G05850	2370
AT4G33460	2371
AT5G50680	2371
AT1G04190	2372
AT1G10470	2373
AT5G09660	2374
AT4G14965	2375
AT5G46370	2375
AT2G33110	2376
AT2G37300	2376
AT5G43940	2379
AT1G60500	2383
AT2G39570	2383
AT5G51760	2384
AT1G07890	2385
AT5G52060	2385
AT2G45480	2386
AT3G48530	2386
AT3G12780	2387
AT2G30490	2388
AT5G43350	2390
AT1G57680	2391
AT1G51420	2392
AT1G32500	2393
AT3G09150	2395
AT1G12970	2397
AT2G27190	2397
AT2G29400	2401
AT5G40550	2402
AT2G17270	2406
AT5G14100	2406
AT5G05000	2408
AT5G61130	2408
AT4G31870	2409
AT3G22990	2410
AT3G22890	2411
AT5G61810	2411
AT5G50580	2413
AT5G55260	2413
AT1G71860	2416
AT3G14070	2420
AT3G13960	2422
AT1G64040	2423
AT1G78510	2423
AT4G32830	2423
AT4G18880	2424
AT4G34940	2425
AT1G65410	2427
AT4G28620	2428
AT3G13445	2432
AT4G20870	2432
AT5G55810	2434
AT3G60620	2435
AT2G02390	2436
AT5G05160	2438
AT1G10700	2441
AT2G40670	2441
AT4G36030	2441
AT4G39770	2441
AT5G65430	2444
AT5G02790	2445
AT1G51260	2446
AT4G17190	2446
AT1G10430	2447
AT1G06520	2453
AT4G21680	2453
AT2G33560	2454
AT4G33510	2455
AT1G03475	2456
AT3G52930	2457
AT4G26720	2457
AT2G46590	2459
AT5G13490	2459
AT3G55880	2460
AT4G16390	2460
AT2G45280	2461
AT3G08580	2461
AT4G27800	2461
AT4G33350	2461
AT3G60830	2463
AT1G04410	2464
AT1G20440	2465
AT3G61850	2465
AT2G45150	2466
AT4G20380	2466
AT5G63650	2466
AT5G62390	2467
AT1G17050	2469
AT1G07010	2472
AT4G01950	2473
AT5G06250	2474
AT1G74560	2476
AT4G12080	2476
AT5G14040	2477
AT5G20850	2478
AT2G17390	2479
AT4G18550	2480
AT1G77130	2482
AT4G28610	2482
AT3G20320	2483
AT5G07440	2483
AT5G07320	2484
AT5G14930	2484
AT1G08000	2487
AT1G61800	2489
AT3G26600	2489
AT5G05580	2492
AT3G07130	2495
AT3G63130	2495
AT5G20920	2497
AT1G51630	2498
AT2G21330	2498
AT3G55620	2499
AT5G12330	2502
AT2G32120	2504
AT5G63090	2504
AT5G42100	2506
AT1G29150	2507
AT3G15020	2509
AT3G57040	2509
AT1G60550	2510
AT5G13580	2510
AT2G29580	2511
AT2G37360	2511
AT5G26940	2511
AT5G52300	2511
AT3G16890	2512
AT4G26530	2512
AT1G04110	2513
AT4G38970	2513
AT1G49190	2516
AT3G06483	2516
AT3G44910	2516
AT5G18240	2518
AT1G10600	2520
AT2G33385	2521
AT3G16550	2522
AT5G47850	2522
AT1G55720	2523
AT3G48100	2524
AT1G18640	2525
AT1G32400	2525
AT1G60650	2529
AT3G57610	2530
AT3G52910	2531
AT1G53240	2532
AT1G18800	2534
AT4G28980	2535
AT1G80560	2537
AT1G08990	2539
AT1G67710	2539
AT5G66380	2539
AT1G42970	2543
AT1G63990	2544
AT2G20140	2545
AT4G00026	2545
AT3G20500	2547
AT4G30510	2549
AT3G21190	2551
AT3G45650	2554
AT4G14850	2554
AT5G19320	2554
AT1G09780	2555
AT1G13900	2558
AT1G14700	2558
AT2G13100	2558
AT4G08320	2561
AT2G32770	2565
AT5G58080	2565
AT5G11860	2566
AT3G16540	2568
AT5G47770	2568
AT1G16030	2570
AT3G58100	2570
AT2G25620	2572
AT2G46790	2573
AT4G26520	2573
AT4G37740	2573
AT1G30120	2576
AT2G33040	2576
AT5G54110	2576
AT5G64280	2576
AT5G40610	2578
AT1G69295	2579
AT3G46820	2580
AT1G04520	2581
AT3G07630	2582
AT1G21230	2583
AT2G01890	2583
AT2G34770	2584
AT3G15850	2585
AT1G24260	2588
AT1G65380	2588
AT1G03905	2590
AT2G28340	2591
AT5G52640	2591
AT1G73060	2592
AT1G72450	2595
AT3G22860	2595
AT1G21240	2596
AT4G37060	2596
AT3G23820	2599
AT4G27420	2599
AT1G77470	2601
AT3G16500	2601
AT3G52340	2605
AT5G57240	2605
AT5G59160	2605
AT1G07360	2607
AT1G54115	2607
AT1G65630	2608
AT2G24765	2609
AT2G03710	2610
AT3G26030	2611
AT4G38630	2611
AT3G43440	2612
AT4G39980	2612
AT5G20240	2612
AT5G47580	2612
AT5G61410	2612
AT1G79550	2614
AT3G55130	2615
AT3G60600	2615
AT2G39180	2619
AT3G29200	2620
AT1G55520	2624
AT4G36650	2624
AT1G22210	2625
AT4G02670	2625
AT5G36250	2626
AT3G17760	2629
AT2G23150	2630
AT5G67330	2632
AT2G03730	2633
AT4G09080	2635
AT2G02955	2636
AT4G31720	2636
AT4G37050	2636
AT1G22300	2637
AT2G41490	2640
AT3G50700	2643
AT5G01680	2645
AT5G22900	2645
AT3G26900	2646
AT1G18880	2648
AT3G51610	2648
AT4G35450	2648
AT1G02910	2649
AT2G02950	2649
AT5G60620	2649
AT1G19950	2651
AT1G80270	2655
AT5G01330	2657
AT4G17970	2659
AT3G54950	2665
AT2G39350	2667
AT5G66880	2670
AT2G02180	2673
AT2G39330	2676
AT3G55970	2676
AT1G65640	2677
AT3G54300	2677
AT4G32320	2680
AT5G01500	2681
AT5G66640	2684
AT5G10450	2685
AT2G21940	2689
AT1G12040	2690
AT3G13050	2690
AT1G68130	2691
AT4G39120	2692
AT5G18170	2692
AT2G04880	2694
AT3G23710	2694
AT3G26570	2695
AT5G16820	2695
AT2G22240	2696
AT3G24440	2698
AT1G01480	2701
AT2G02000	2701
AT2G06510	2703
AT1G30480	2704
AT3G27740	2706
AT2G16430	2708
AT1G08430	2709
AT1G01610	2710
AT1G80010	2710
AT1G16110	2711
AT1G60810	2711
AT5G12860	2711
AT4G24940	2714
AT1G17650	2717
AT2G31955	2719
AT2G33330	2721
AT3G18010	2721
AT5G47760	2723
AT1G02390	2724
AT5G64290	2724
AT5G22370	2725
AT5G53000	2726
AT3G55090	2728
AT1G08960	2729
AT2G21270	2730
AT1G03110	2731
AT3G50500	2731
AT2G35500	2732
AT3G19090	2732
AT4G05130	2733
AT1G72150	2734
AT4G28630	2734
AT3G54700	2735
AT5G25610	2735
AT5G26030	2735
AT1G16160	2736
AT1G66750	2737
AT5G09930	2737
AT4G34350	2738
AT5G55740	2739
AT2G13360	2740
AT4G40010	2740
AT3G09780	2741
AT1G49480	2745
AT3G56700	2747
AT3G04120	2749
AT3G44880	2750
AT5G21010	2751
AT4G20410	2752
AT1G59900	2753
AT5G10090	2756
AT1G25250	2757
AT5G42810	2758
AT1G16150	2763
AT3G14415	2763
AT5G60770	2763
AT2G01880	2764
AT1G20650	2765
AT2G29990	2766
AT1G54360	2769
AT3G12580	2770
AT3G52810	2773
AT1G23010	2774
AT5G19000	2774
AT1G25220	2775
AT3G06190	2778
AT2G41880	2785
AT5G19180	2786
AT1G32380	2787
AT2G34560	2788
AT3G14420	2788
AT3G18440	2790
AT1G52520	2791
AT2G33700	2792
AT5G39440	2793
AT4G39800	2794
AT5G14780	2794
AT1G16880	2797
AT1G03980	2798
AT1G13440	2802
AT3G57290	2803
AT5G54800	2803
AT5G58290	2803
AT3G23560	2806
AT4G18160	2807
AT5G64760	2807
AT2G38400	2809
AT1G66170	2810
AT5G58460	2810
AT2G39310	2812
AT5G56000	2815
AT4G23430	2816
AT3G17000	2818
AT4G16700	2819
AT4G22270	2819
AT5G15730	2819
AT5G42270	2820
AT2G22840	2822
AT3G09300	2822
AT3G13920	2833
AT4G23600	2834
AT1G69040	2835
AT3G55110	2835
AT1G09100	2836
AT3G53510	2836
AT3G55100	2836
AT1G78090	2837
AT4G12620	2839
AT5G41220	2839
AT1G60440	2843
AT1G79680	2847
AT5G65160	2847
AT1G06080	2849
AT1G79400	2849
AT1G16120	2851
AT5G18480	2853
AT5G60790	2858
AT3G44900	2859
AT2G22780	2860
AT1G68010	2861
AT5G27450	2862
AT1G61040	2866
AT2G30280	2866
AT2G26310	2868
AT3G09940	2870
AT4G18360	2870
AT4G30950	2872
AT3G02310	2873
AT5G03860	2875
AT3G22680	2876
AT2G34130	2877
AT3G22310	2878
AT5G02500	2879
AT5G66200	2879
AT3G05530	2885
AT2G02010	2890
AT2G17440	2890
AT1G05940	2891
AT4G10840	2892
AT2G13620	2894
AT5G22910	2903
AT4G10180	2904
AT5G41240	2907
AT5G11520	2909
AT5G27660	2911
AT5G43010	2911
AT1G07780	2913
AT3G11170	2916
AT4G00400	2918
AT2G34850	2919
AT1G16130	2920
AT5G15800	2920
AT1G11290	2921
AT3G30775	2921
AT3G48990	2922
AT4G27600	2922
AT5G66100	2923
AT3G11270	2924
AT5G62680	2924
AT5G65140	2924
AT3G14550	2925
AT4G17220	2925
AT5G44370	2925
AT1G75020	2927
AT5G52310	2928
AT5G62250	2928
AT4G25440	2929
AT4G37670	2933
AT3G44930	2934
AT3G53700	2934
AT4G39660	2938
AT3G15820	2939
AT1G10940	2940
AT3G17880	2941
AT1G21250	2943
AT2G30950	2945
AT5G13330	2945
AT5G63530	2945
AT5G08590	2946
AT3G10070	2947
AT5G01310	2947
AT3G56100	2954
AT5G13840	2959
AT1G76150	2961
AT3G49590	2961
AT3G57550	2962
AT1G19780	2965
AT1G47510	2966
AT3G09810	2967
AT2G28550	2969
AT5G55130	2971
AT1G27500	2972
AT2G25180	2972
AT3G56110	2972
AT1G12420	2973
AT2G19620	2973
AT5G56740	2973
AT3G26400	2978
AT3G47420	2978
AT3G47960	2982
AT4G22590	2982
AT2G05990	2983
AT5G40560	2983
AT2G43970	2984
AT1G16190	2985
AT1G10840	2986
AT3G19760	2986
AT5G43060	2989
AT4G31920	2990
AT5G37060	2991
AT1G51680	2992
AT3G22330	2992
AT3G56440	2993
AT2G29650	2994
AT1G07180	2996
AT4G35000	2998
AT1G49005	2999
AT3G12120	3000
AT3G44920	3000
AT1G47128	3001
AT3G02990	3001
AT5G14870	3003
AT3G48010	3004
AT1G22070	3007
AT1G55110	3012
AT1G34120	3015
AT5G56010	3015
AT5G05780	3016
AT3G26090	3017
AT3G58740	3018
AT1G04170	3020
AT3G27960	3020
AT1G66040	3021
AT1G76710	3022
AT3G56190	3022
AT3G52080	3023
AT2G36400	3028
AT3G13220	3029
AT5G58690	3030
AT2G34260	3032
AT3G01990	3034
AT4G31910	3036
AT3G57050	3038
AT2G41310	3041
AT2G22190	3043
AT4G33680	3043
AT4G03415	3044
AT2G38460	3045
AT5G10170	3045
AT4G35470	3046
AT1G08135	3049
AT5G54080	3049
AT5G65890	3053
AT5G46250	3054
AT1G50480	3057
AT5G22420	3057
AT5G47140	3057
AT1G15990	3060
AT3G03660	3064
AT4G21790	3072
AT5G43600	3074
AT3G47220	3078
AT4G33950	3081
AT5G50430	3081
AT1G12580	3083
AT1G24180	3083
AT1G71800	3085
AT3G11330	3085
AT4G22780	3086
AT5G17790	3087
AT4G13340	3088
AT4G16600	3092
AT4G08390	3093
AT5G03910	3095
AT2G38940	3097
AT2G46370	3098
AT3G11220	3098
AT5G51050	3098
AT3G16910	3099
AT5G26751	3100
AT2G16370	3103
AT3G27460	3103
AT4G24890	3103
AT3G05580	3104
AT5G27380	3104
AT1G06970	3105
AT4G34490	3105
AT3G02780	3106
AT1G53750	3107
AT5G57380	3110
AT2G18700	3113
AT3G14950	3116
AT5G10330	3118
AT1G22530	3120
AT2G20340	3123
AT5G38470	3124
AT1G31770	3126
AT3G50950	3126
AT3G55950	3126
AT1G27460	3127
AT1G76430	3128
AT3G18660	3129
AT5G54590	3129
AT1G56440	3130
AT1G29690	3134
AT2G22250	3134
AT3G21820	3134
AT5G39830	3134
AT3G21240	3136
AT5G49910	3136
AT3G05310	3142
AT4G31990	3142
AT3G11945	3143
AT3G27820	3145
AT3G54540	3147
AT1G62560	3148
AT4G20260	3148
AT5G47840	3149
AT3G13810	3150
AT1G10670	3152
AT1G54940	3152
AT4G18140	3152
AT5G66730	3153
AT5G28530	3156
AT5G50400	3156
AT2G44160	3158
AT3G55440	3158
AT1G60940	3159
AT5G35790	3159
AT5G48410	3159
AT2G47730	3160
AT3G21500	3162
AT5G15650	3163
AT5G09550	3164
AT2G39230	3166
AT1G10540	3171
AT2G44490	3184
AT5G01690	3185
AT5G03720	3185
AT4G35090	3193
AT1G27920	3194
AT2G30390	3195
AT2G44880	3198
AT5G56030	3199
AT5G01490	3200
AT5G40440	3200
AT2G28260	3201
AT1G43670	3203
AT1G25580	3204
AT3G13710	3204
AT5G13110	3207
AT1G32440	3219
AT2G30970	3222
AT3G19600	3224
AT3G52820	3226
AT1G10240	3227
AT4G38180	3230
AT2G42790	3233
AT1G30010	3235
AT5G64630	3236
AT2G23030	3240
AT5G40200	3242
AT1G24280	3243
AT5G66610	3243
AT2G22910	3247
AT3G08590	3248
AT4G26050	3248
AT2G46440	3250
AT5G51350	3250
AT5G57180	3252
AT3G58620	3254
AT2G38110	3257
AT5G66130	3259
AT2G34090	3260
AT2G06050	3262
AT3G04110	3269
AT1G48500	3273
AT3G27380	3273
AT5G66630	3275
AT2G39140	3277
AT4G26760	3279
AT3G47450	3280
AT2G02450	3283
AT1G55870	3287
AT5G56750	3288
AT3G15355	3289
AT1G49950	3290
AT1G71930	3290
AT1G08140	3295
AT3G17630	3299
AT5G66680	3306
AT5G59420	3308
AT5G53130	3309
AT1G12140	3311
AT2G18950	3315
AT1G68210	3320
AT3G59970	3320
AT2G34220	3321
AT2G46830	3325
AT2G32960	3326
AT4G30360	3326
AT1G75100	3329
AT1G05000	3331
AT3G48720	3331
AT1G21210	3338
AT3G17860	3338
AT5G16150	3340
AT5G62790	3345
AT1G60030	3348
AT1G33560	3352
AT5G18960	3354
AT2G29690	3358
AT2G42580	3358
AT2G26710	3359
AT3G27925	3362
AT5G03570	3364
AT1G16300	3366
AT1G58080	3366
AT1G76320	3366
AT3G24090	3368
AT1G79650	3371
AT2G39940	3372
AT3G24160	3372
AT1G15110	3376
AT1G09795	3377
AT2G38060	3378
AT5G64050	3378
AT1G30520	3383
AT4G20070	3384
AT5G27100	3386
AT3G10600	3388
AT1G12680	3389
AT4G01010	3389
AT1G34130	3391
AT2G43980	3392
AT3G52190	3395
AT4G36940	3398
AT3G01120	3401
AT3G07520	3401
AT5G05730	3401
AT1G80830	3405
AT3G60840	3408
AT1G62570	3409
AT1G09420	3412
AT2G34630	3413
AT4G30120	3414
AT5G52920	3414
AT4G37910	3416
AT3G16460	3422
AT5G36950	3427
AT5G36700	3429
AT3G52880	3431
AT1G66050	3438
AT5G50210	3438
AT4G34570	3440
AT4G03110	3442
AT5G22790	3442
AT5G60100	3445
AT2G35720	3456
AT3G13640	3456
AT1G54340	3461
AT3G46980	3470
AT1G79230	3471
AT3G19980	3471
AT2G24050	3474
AT4G12430	3474
AT1G23870	3478
AT4G16110	3479
AT1G01690	3482
AT2G18450	3482
AT1G50300	3485
AT1G76030	3485
AT3G44560	3485
AT1G08510	3486
AT1G37130	3487
AT1G56570	3487
AT1G53140	3488
AT4G19990	3489
AT1G53300	3491
AT2G41210	3493
AT2G46430	3494
AT1G64170	3498
AT4G33330	3498
AT5G19010	3498
AT1G61010	3499
AT5G04280	3501
AT5G39550	3501
AT3G27000	3504
AT4G30520	3505
AT1G79530	3507
AT1G32330	3508
AT3G01770	3509
AT5G21990	3509
AT3G23410	3510
AT2G24720	3512
AT4G00380	3514
AT1G28560	3516
AT1G30360	3516
AT5G19990	3518
AT4G30560	3522
AT1G17470	3523
AT1G79920	3523
AT5G11380	3524
AT3G17690	3528
AT2G01730	3531
AT5G64840	3533
AT4G18010	3537
AT2G25880	3540
AT2G44100	3540
AT1G08920	3543
AT1G20630	3545
AT1G50370	3545
AT1G09430	3546
AT1G54350	3546
AT1G13020	3551
AT1G54080	3552
AT1G51500	3554
AT2G34790	3559
AT5G58470	3559
AT1G17280	3562
AT5G58700	3565
AT3G21720	3567
AT1G05580	3569
AT1G20620	3569
AT2G38700	3572
AT3G25800	3574
AT3G54660	3575
AT2G35710	3578
AT1G27080	3580
AT3G06350	3581
AT5G54730	3582
AT5G65690	3584
AT3G25620	3587
AT5G26820	3590
AT1G77490	3594
AT3G56860	3594
AT3G59920	3596
AT1G55730	3598
AT2G31020	3599
AT2G41140	3599
AT3G07960	3599
AT3G46740	3599
AT1G17370	3602
AT1G10920	3605
AT2G23420	3605
AT4G22910	3605
AT4G24150	3605
AT3G02540	3607
AT3G51860	3609
AT3G63280	3615
AT1G74340	3624
AT1G75820	3628
AT2G21450	3628
AT5G41610	3632
AT1G23310	3637
AT3G59090	3639
AT1G77720	3640
AT2G18060	3640
AT5G04740	3640
AT5G51690	3642
AT5G55230	3642
AT1G14690	3644
AT2G47760	3644
AT3G20740	3644
AT1G62580	3646
AT3G01680	3646
AT2G17260	3647
AT1G18190	3651
AT2G41900	3652
AT1G01340	3655
AT1G13790	3656
AT1G63440	3657
AT5G15410	3657
AT2G02080	3659
AT1G57800	3661
AT5G46110	3666
AT2G29980	3667
AT5G25780	3667
AT4G22340	3671
AT1G74040	3674
AT2G43040	3674
AT4G29730	3675
AT4G23700	3676
AT5G20300	3683
AT5G63540	3689
AT4G28600	3690
AT2G24610	3693
AT5G02390	3694
AT5G42480	3701
AT5G64860	3707
AT1G70580	3713
AT1G68060	3715
AT1G53090	3718
AT3G60100	3718
AT2G01280	3719
AT5G45800	3722
AT3G02600	3723
AT4G31850	3726
AT5G61930	3727
AT3G16857	3730
AT1G21270	3735
AT5G47560	3735
AT2G21170	3737
AT4G36400	3745
AT4G17570	3747
AT5G23020	3749
AT3G12380	3753
AT2G17470	3756
AT1G71040	3759
AT1G42540	3760
AT2G03070	3760
AT3G20660	3761
AT1G77760	3764
AT1G04020	3770
AT5G56180	3776
AT1G80790	3779
AT5G59430	3780
AT5G07210	3782
AT3G27300	3790
AT2G42500	3792
AT3G52310	3794
AT1G55320	3797
AT5G11210	3798
AT4G24670	3801
AT4G35890	3806
AT5G22500	3806
AT3G23990	3807
AT3G50530	3809
AT5G11790	3809
AT4G16845	3810
AT3G21090	3811
AT3G57650	3811
AT1G14840	3814
AT3G13860	3819
AT1G20780	3822
AT1G65860	3823
AT2G27070	3824
AT1G65930	3827
AT2G29110	3830
AT3G58750	3832
AT2G47750	3834
AT4G31710	3842
AT1G62800	3844
AT3G46120	3846
AT2G46710	3847
AT1G09090	3848
AT5G09420	3849
AT2G29100	3853
AT5G04770	3858
AT5G66850	3859
AT1G74310	3862
AT3G56150	3866
AT3G12550	3877
AT5G14760	3891
AT3G24340	3895
AT1G49540	3898
AT5G13750	3898
AT2G22950	3900
AT2G42830	3900
AT2G24710	3905
AT5G22350	3905
AT5G61480	3908
AT2G22475	3911
AT3G15990	3911
AT4G04040	3912
AT3G22200	3918
AT2G21470	3919
AT5G66620	3920
AT1G31070	3924
AT3G18990	3929
AT1G15910	3930
AT3G04870	3933
AT5G23010	3933
AT1G17000	3935
AT1G24764	3937
AT3G55270	3939
AT5G20470	3940
AT3G16470	3943
AT3G47290	3946
AT2G30980	3949
AT5G13280	3953
AT5G16620	3958
AT1G71830	3960
AT1G18450	3963
AT1G22150	3968
AT4G30200	3970
AT1G08930	3971
AT3G58500	3975
AT3G13320	3983
AT4G16144	3984
AT4G24280	3991
AT3G06250	3997
AT5G19550	4001
AT2G32390	4002
AT2G26420	4006
AT2G33210	4006
AT5G53350	4008
AT3G15354	4011
AT5G10100	4015
AT4G37870	4016
AT5G07390	4019
AT1G02145	4020
AT5G13390	4022
AT1G18870	4023
AT2G31300	4028
AT5G34850	4031
AT2G46450	4034
AT1G70290	4039
AT3G12200	4044
AT3G04810	4050
AT5G49460	4055
AT5G60120	4055
AT2G38720	4056
AT5G57940	4057
AT1G53510	4060
AT4G19120	4066
AT1G11790	4067
AT3G21230	4067
AT5G49970	4070
AT2G16390	4072
AT1G77740	4078
AT2G46240	4088
AT5G66760	4090
AT1G20260	4092
AT4G27550	4092
AT5G61150	4092
AT1G62540	4095
AT4G19210	4095
AT1G53570	4098
AT1G63940	4100
AT2G01320	4108
AT5G06160	4109
AT1G21980	4112
AT2G32250	4113
AT1G18500	4115
AT1G17840	4120
AT5G10180	4120
AT2G28070	4122
AT4G13430	4122
AT3G06030	4127
AT3G18890	4127
AT1G08820	4128
AT5G43500	4130
AT1G13170	4135
AT1G48790	4135
AT1G57820	4135
AT2G46180	4141
AT1G79930	4142
AT4G15900	4143
AT1G69850	4145
AT5G40760	4149
AT2G27110	4150
AT4G31390	4152
AT4G35290	4155
AT2G46700	4160
AT3G63150	4163
AT1G09000	4164
AT5G17330	4166
AT3G51480	4169
AT3G17970	4177
AT4G00900	4188
AT2G35670	4192
AT3G06550	4192
AT4G05110	4192
AT1G06410	4193
AT2G07560	4195
AT1G09450	4198
AT2G35020	4199
AT3G22170	4200
AT5G28290	4210
AT1G05200	4212
AT4G17770	4215
AT3G42640	4225
AT4G08480	4225
AT5G19600	4233
AT1G80660	4234
AT5G05970	4234
AT2G38170	4244
AT4G37640	4247
AT3G54610	4248
AT2G13800	4251
AT1G76990	4253
AT2G22540	4255
AT1G29900	4256
AT2G27810	4258
AT2G27100	4262
AT1G27980	4264
AT1G28320	4270
AT5G36940	4270
AT2G34410	4279
AT5G61690	4292
AT5G66750	4295
AT1G54960	4301
AT1G54510	4306
AT1G12840	4310
AT1G23090	4310
AT1G02120	4313
AT5G14270	4314
AT2G47940	4316
AT5G57870	4318
AT2G23980	4319
AT2G30910	4319
AT3G12520	4320
AT5G50320	4320
AT5G61740	4334
AT5G11180	4338
AT1G34210	4342
AT5G23050	4346
AT5G17810	4347
AT5G02810	4350
AT3G46330	4352
AT3G58780	4358
AT4G38510	4362
AT5G39040	4376
AT1G12110	4379
AT1G17745	4384
AT5G11030	4386
AT5G46340	4386
AT1G54710	4387
AT4G25450	4396
AT2G39830	4408
AT1G16980	4411
AT3G47790	4413
AT5G13550	4417
AT3G28415	4418
AT1G13320	4422
AT1G29890	4424
AT1G74960	4431
AT1G65060	4434
AT3G60970	4435
AT3G06650	4440
AT2G26770	4443
AT1G04950	4447
AT1G69870	4447
AT3G03720	4447
AT5G57190	4447
AT5G51290	4454
AT3G56960	4464
AT1G04510	4465
AT1G53310	4479
AT5G61730	4494
AT3G16170	4495
AT3G55220	4496
AT3G61570	4498
AT2G44980	4502
AT3G04710	4503
AT3G28380	4503
AT1G58030	4505
AT1G01060	4507
AT1G04920	4520
AT4G33430	4522
AT5G46410	4525
AT2G31910	4526
AT5G42870	4539
AT3G28390	4543
AT2G26590	4568
AT5G06460	4568
AT1G07670	4588
AT5G60600	4601
AT3G44540	4605
AT3G47740	4608
AT1G70610	4610
AT1G51460	4614
AT1G30460	4616
AT2G18130	4628
AT4G02700	4629
AT2G32400	4631
AT3G51895	4636
AT4G02460	4638
AT1G05470	4639
AT4G08180	4649
AT1G07810	4652
AT3G53720	4654
AT1G31230	4657
AT5G44510	4665
AT5G51070	4669
AT1G27770	4676
AT5G27640	4680
AT3G44550	4695
AT4G01820	4695
AT1G65470	4696
AT2G29120	4702
AT3G14940	4703
AT4G13345	4704
AT3G47750	4707
AT2G34880	4755
AT4G37270	4776
AT5G01270	4778
AT3G03740	4793
AT4G25850	4803
AT1G27940	4807
AT1G60140	4807
AT3G43790	4808
AT1G33400	4824
AT3G42670	4832
AT2G07681	4838
AT2G42810	4838
AT1G17260	4841
AT1G32450	4842
AT2G01750	4848
AT5G13740	4852
AT1G64550	4865
AT2G42600	4866
AT3G55200	4873
AT4G01830	4897
AT1G28010	4903
AT5G64440	4907
AT3G09560	4920
AT5G41370	4920
AT5G20380	4936
AT3G47770	4944
AT3G47780	4946
AT1G06220	4947
AT5G19310	4950
AT1G20860	4955
AT4G19710	4955
AT3G47760	4957
AT5G60740	4959
AT5G11110	4961
AT5G61700	4967
AT1G05490	4986
AT5G45380	4987
AT1G78900	4991
AT5G41360	4995
AT1G02530	4999
AT4G11420	5004
AT5G47910	5021
AT3G47730	5024
AT4G14400	5031
AT5G27540	5039
AT5G54250	5065
AT2G24520	5067
AT1G12430	5079
AT1G52410	5083
AT2G33340	5084
AT3G18480	5097
AT1G64110	5102
AT1G13210	5105
AT5G13650	5115
AT2G16920	5125
AT4G14210	5131
AT5G19280	5131
AT1G27720	5135
AT1G05630	5140
AT1G33390	5199
AT5G19330	5226
AT3G09090	5233
AT3G19720	5233
AT2G13790	5242
AT5G04930	5242
AT2G39800	5248
AT4G30110	5250
AT3G24170	5271
AT3G55610	5276
AT1G75010	5286
AT5G25150	5296
AT1G01950	5304
AT4G12460	5304
AT5G06530	5312
AT2G31830	5318
AT4G25970	5322
AT3G47950	5334
AT3G28360	5338
AT3G60330	5346
AT4G29940	5352
AT3G28345	5353
AT5G58270	5355
AT5G46540	5373
AT3G62150	5378
AT3G07770	5396
AT2G30110	5399
AT2G02070	5407
AT1G68750	5432
AT2G41560	5443
AT3G13090	5451
AT5G20420	5453
AT2G34780	5465
AT5G21160	5465
AT1G48310	5495
AT2G43900	5502
AT5G20280	5526
AT5G53060	5526
AT1G32230	5529
AT5G62310	5532
AT1G02520	5534
AT3G48430	5537
AT1G15210	5542
AT2G33770	5556
AT4G23100	5561
AT5G36150	5578
AT2G41520	5590
AT1G03380	5607
AT4G11110	5621
AT4G18050	5640
AT1G06950	5651
AT3G62700	5653
AT5G38660	5654
AT3G59140	5689
AT3G44200	5693
AT2G18760	5696
AT1G55250	5697
AT2G47000	5701
AT1G59870	5704
AT1G78000	5706
AT4G35560	5748
AT5G10940	5752
AT2G47980	5772
AT2G36910	5776
AT3G05090	5781
AT2G33540	5792
AT3G13100	5802
AT2G19950	5804
AT4G39080	5806
AT4G25540	5808
AT5G57350	5809
AT3G57330	5823
AT4G28470	5852
AT4G30190	5853
AT1G71960	5855
AT4G14180	5896
AT2G20580	5904
AT5G43130	5906
AT1G65960	5924
AT1G53390	5927
AT2G47800	5950
AT3G13080	5965
AT5G37500	5989
AT4G08620	6001
AT5G62670	6002
AT3G12280	6011
AT5G54260	6015
AT5G23880	6027
AT2G21410	6041
AT4G15236	6051
AT4G22540	6067
AT3G23430	6070
AT3G06400	6074
AT2G18960	6109
AT1G78920	6125
AT2G40840	6131
AT2G23740	6134
AT2G14680	6139
AT5G21930	6169
AT4G33650	6171
AT1G07110	6172
AT3G02020	6201
AT3G09920	6210
AT4G13610	6210
AT3G21250	6212
AT3G60160	6224
AT3G23590	6230
AT2G16970	6237
AT4G14070	6245
AT5G26570	6254
AT2G28520	6278
AT3G23790	6281
AT1G80490	6308
AT2G14120	6324
AT5G52290	6331
AT3G16830	6336
AT4G25960	6337
AT1G79830	6339
AT2G22010	6353
AT3G13290	6353
AT4G15530	6365
AT2G36380	6391
AT4G32180	6396
AT5G19690	6403
AT4G21670	6408
AT4G00760	6453
AT4G15570	6455
AT1G15520	6469
AT2G44950	6478
AT5G18620	6480
AT2G37280	6489
AT1G66950	6499
AT5G16270	6504
AT4G34830	6539
AT3G55320	6542
AT3G27530	6570
AT1G51690	6607
AT3G53480	6614
AT3G30842	6623
AT5G17890	6633
AT5G12430	6709
AT5G63950	6716
AT4G14150	6779
AT5G44240	6805
AT2G18880	6807
AT1G04120	6817
AT2G29940	6822
AT5G27030	6848
AT3G60240	6849
AT1G34260	6890
AT3G21180	6890
AT1G30450	6909
AT1G71010	6926
AT2G26910	6945
AT3G16340	7103
AT5G22010	7114
AT5G09350	7160
AT1G64060	7211
AT3G07610	7230
AT2G39480	7248
AT4G33520	7322
AT1G52940	7324
AT4G31900	7329
AT4G02510	7356
AT4G15233	7380
AT1G35530	7471
AT2G35340	7475
AT4G31160	7485
AT2G20190	7537
AT3G28860	7574
AT5G64070	7597
AT4G00060	7714
AT5G23630	7720
AT4G24450	7748
AT3G14270	7752
AT3G07980	7758
AT4G15230	7766
AT2G19110	7773
AT4G15215	7828
AT5G61460	7895
AT2G02560	7924
AT2G07680	7991
AT1G50500	8195
AT5G57110	8249
AT5G35980	8392
AT1G30420	8435
AT1G78580	8573
AT2G16485	8580
AT5G04140	8704
AT4G29900	8803
AT4G39850	8833
AT1G30410	8881
AT3G03380	9041
AT1G59820	9082
AT4G33240	9116
AT5G67100	9479
AT5G51660	9495
AT1G73960	9641
AT1G49040	9846
AT2G34660	10096
AT5G53460	10110
AT5G44800	10631
AT3G13330	10729
AT1G30400	10776
AT5G40820	11171
AT2G41220	11298
AT3G13530	11313
AT1G10130	11340
AT5G24280	11384
AT2G13370	12507
AT2G41700	13412
AT2G35630	14188
AT3G48190	27265
